Time,SpineBase_X,SpineBase_Y,SpineBase_Z,SpineBase_State,SpineMid_X,SpineMid_Y,SpineMid_Z,SpineMid_State,Neck_X,Neck_Y,Neck_Z,Neck_State,Head_X,Head_Y,Head_Z,Head_State,ShoulderLeft_X,ShoulderLeft_Y,ShoulderLeft_Z,ShoulderLeft_State,ElbowLeft_X,ElbowLeft_Y,ElbowLeft_Z,ElbowLeft_State,WristLeft_X,WristLeft_Y,WristLeft_Z,WristLeft_State,HandLeft_X,HandLeft_Y,HandLeft_Z,HandLeft_State,ShoulderRight_X,ShoulderRight_Y,ShoulderRight_Z,ShoulderRight_State,ElbowRight_X,ElbowRight_Y,ElbowRight_Z,ElbowRight_State,WristRight_X,WristRight_Y,WristRight_Z,WristRight_State,HandRight_X,HandRight_Y,HandRight_Z,HandRight_State,HipLeft_X,HipLeft_Y,HipLeft_Z,HipLeft_State,KneeLeft_X,KneeLeft_Y,KneeLeft_Z,KneeLeft_State,AnkleLeft_X,AnkleLeft_Y,AnkleLeft_Z,AnkleLeft_State,FootLeft_X,FootLeft_Y,FootLeft_Z,FootLeft_State,HipRight_X,HipRight_Y,HipRight_Z,HipRight_State,KneeRight_X,KneeRight_Y,KneeRight_Z,KneeRight_State,AnkleRight_X,AnkleRight_Y,AnkleRight_Z,AnkleRight_State,FootRight_X,FootRight_Y,FootRight_Z,FootRight_State,SpineShoulder_X,SpineShoulder_Y,SpineShoulder_Z,SpineShoulder_State,HandTipLeft_X,HandTipLeft_Y,HandTipLeft_Z,HandTipLeft_State,ThumbLeft_X,ThumbLeft_Y,ThumbLeft_Z,ThumbLeft_State,HandTipRight_X,HandTipRight_Y,HandTipRight_Z,HandTipRight_State,ThumbRight_X,ThumbRight_Y,ThumbRight_Z,ThumbRight_State,
00_00_00_0000,-0.226890,-0.441122,4.639883,2,-0.198744,-0.214924,4.556815,2,-0.169771,0.009541,4.460902,2,-0.223407,0.141489,4.546044,2,-0.358654,0.110034,4.514943,1,-0.253383,0.033977,4.318161,1,-0.247947,-0.026626,4.094896,1,-0.246379,-0.046803,4.024619,1,-0.085807,-0.117031,4.450467,1,-0.057548,-0.326022,4.367250,1,0.128845,-0.294372,4.152408,1,0.190944,-0.284129,4.084924,1,-0.291489,-0.428508,4.610356,2,-0.357544,-0.201698,4.229762,1,-0.292206,-0.595257,4.180231,1,-0.324028,-0.650332,4.057847,2,-0.163127,-0.444952,4.597999,2,0.013634,-0.291837,4.207133,2,0.045108,-0.617236,4.194010,2,0.010344,-0.672128,4.071566,2,-0.178492,-0.048209,4.486448,2,-0.250156,-0.046399,3.996639,1,-0.239653,-0.060355,4.001515,1,0.193012,-0.269526,4.063748,1,0.174655,-0.247450,4.065487,1,
00_00_00_0001,-0.213606,-0.436786,4.644331,2,-0.197705,-0.214307,4.557224,2,-0.172756,0.009280,4.460138,2,-0.220858,0.134002,4.544474,2,-0.358815,0.111017,4.514982,1,-0.250220,0.089063,4.306070,1,-0.250452,0.008609,4.089367,1,-0.250772,-0.018134,4.021276,1,-0.085956,-0.116083,4.450513,1,-0.057697,-0.325070,4.367299,1,0.128697,-0.293433,4.152453,1,0.190797,-0.283193,4.084968,1,-0.275246,-0.425410,4.615303,2,-0.362348,-0.210795,4.223618,2,-0.290453,-0.603866,4.181865,1,-0.323694,-0.659975,4.060857,2,-0.148997,-0.439971,4.600318,2,0.016900,-0.289655,4.203234,2,0.045414,-0.617502,4.193896,2,0.009245,-0.673497,4.072819,2,-0.179257,-0.047937,4.486347,2,-0.254537,-0.017805,3.993297,1,-0.242423,-0.031841,3.997680,1,0.192865,-0.268592,4.063791,1,0.173895,-0.246830,4.065428,1,
00_00_00_0002,-0.177079,-0.441396,4.645483,2,-0.192720,-0.215642,4.557672,2,-0.181200,0.006542,4.459570,2,-0.220594,0.147317,4.548295,2,-0.359112,0.111265,4.515118,1,-0.250416,0.089117,4.306291,1,-0.250602,0.008778,4.089550,1,-0.250907,-0.017926,4.021447,1,-0.086242,-0.115848,4.450652,1,-0.057983,-0.324830,4.367440,1,0.128413,-0.293200,4.152591,1,0.190513,-0.282962,4.085104,1,-0.233171,-0.433765,4.621097,2,-0.356999,-0.222352,4.238516,2,-0.284718,-0.615392,4.197937,1,-0.320283,-0.673309,4.079350,2,-0.116491,-0.442260,4.595630,2,0.023318,-0.284723,4.190820,2,0.045623,-0.617638,4.194125,2,0.007189,-0.675519,4.075461,2,-0.181843,-0.048943,4.486310,2,-0.254671,-0.017598,3.993467,1,-0.242557,-0.031634,3.997851,1,0.192582,-0.268362,4.063928,1,0.173302,-0.246781,4.065459,1,
00_00_00_0003,-0.132550,-0.435173,4.652250,2,-0.183532,-0.214863,4.558941,2,-0.199515,0.005427,4.457317,2,-0.225471,0.145815,4.554322,2,-0.360553,0.112120,4.515130,1,-0.251601,0.089626,4.306465,1,-0.251768,0.009467,4.089639,1,-0.252068,-0.017176,4.021507,1,-0.087662,-0.115013,4.450672,1,-0.059396,-0.324013,4.367456,1,0.127003,-0.292372,4.152611,1,0.189102,-0.282130,4.085126,1,-0.186887,-0.429950,4.630188,2,-0.338390,-0.215721,4.260452,2,-0.279603,-0.609734,4.206040,1,-0.319609,-0.671756,4.092999,2,-0.077047,-0.433753,4.599065,2,0.026418,-0.281315,4.183100,2,0.047240,-0.620581,4.193771,2,0.004399,-0.682485,4.080668,2,-0.189578,-0.049203,4.485595,2,-0.255829,-0.016850,3.993527,1,-0.243710,-0.030895,3.997912,1,0.191175,-0.267532,4.063949,1,0.171872,-0.246544,4.065350,1,
00_00_00_0004,-0.168935,-0.438274,4.640690,2,-0.183637,-0.214370,4.558517,2,-0.198162,0.007616,4.457648,2,-0.177170,0.133335,4.548272,2,-0.358099,0.114529,4.515744,1,-0.255734,0.043295,4.315446,1,-0.253126,-0.018565,4.092523,1,-0.252504,-0.039151,4.022360,1,-0.085204,-0.112621,4.451295,1,-0.056952,-0.321598,4.368090,1,0.129444,-0.289997,4.153232,1,0.191545,-0.279765,4.085742,1,-0.233880,-0.429974,4.616084,2,-0.349771,-0.201259,4.241602,2,-0.289722,-0.595085,4.186642,2,-0.326252,-0.654056,4.069214,2,-0.102542,-0.438661,4.589907,2,0.025320,-0.282453,4.183589,2,0.045233,-0.616667,4.193479,2,0.005786,-0.675449,4.075993,2,-0.189879,-0.047836,4.485552,2,-0.256264,-0.038767,3.994381,1,-0.244144,-0.052731,3.998765,1,0.193611,-0.265174,4.064565,1,0.175438,-0.243658,4.066231,1,
00_00_00_0005,-0.168968,-0.438520,4.646242,2,-0.183485,-0.214642,4.558916,2,-0.197652,0.006896,4.457265,2,-0.212195,0.137282,4.534904,2,-0.357490,0.114287,4.515680,1,-0.257053,0.043584,4.314158,1,-0.252938,-0.018704,4.091393,1,-0.251815,-0.039433,4.021282,1,-0.084588,-0.112868,4.451234,1,-0.056340,-0.321833,4.368032,1,0.130056,-0.290243,4.153170,1,0.192158,-0.280015,4.085679,1,-0.232054,-0.430216,4.622643,2,-0.348711,-0.203259,4.247268,2,-0.288159,-0.596914,4.191528,1,-0.325318,-0.656424,4.074838,2,-0.103786,-0.439189,4.594937,2,0.024725,-0.282328,4.185859,2,0.043290,-0.615109,4.194208,2,0.003247,-0.674455,4.077457,2,-0.190033,-0.048245,4.485427,2,-0.255577,-0.039049,3.993303,1,-0.243459,-0.053011,3.997687,1,0.194223,-0.265424,4.064502,1,0.175598,-0.244084,4.066104,1,
00_00_00_0006,-0.254464,-0.430757,4.657500,2,-0.195866,-0.219030,4.562062,2,-0.165139,-0.014815,4.459471,2,-0.212070,0.129437,4.534832,2,-0.347504,0.109574,4.516984,1,-0.263275,0.033871,4.309566,1,-0.256442,-0.026288,4.086226,1,-0.254419,-0.046316,4.015924,1,-0.074579,-0.117604,4.452540,1,-0.046368,-0.326579,4.369326,1,0.139998,-0.294948,4.154470,1,0.202099,-0.284711,4.086981,1,-0.320814,-0.418699,4.610572,2,-0.352790,-0.197991,4.237823,2,-0.291358,-0.591620,4.182856,2,-0.324610,-0.647860,4.061860,2,-0.184006,-0.435853,4.629158,2,-0.000081,-0.300369,4.234909,2,0.048223,-0.623584,4.197071,2,0.012011,-0.679556,4.076027,2,-0.180565,-0.059317,4.487096,2,-0.258173,-0.045913,3.987945,1,-0.246045,-0.059852,3.992330,1,0.204139,-0.270107,4.065806,1,0.186893,-0.247880,4.067709,1,
00_00_00_0007,-0.207858,-0.429087,4.652445,2,-0.195490,-0.218570,4.561937,2,-0.170032,-0.010556,4.458523,2,-0.212499,0.128870,4.533443,2,-0.348781,0.111208,4.516817,1,-0.260646,0.036084,4.310907,1,-0.252924,-0.024770,4.087796,1,-0.250601,-0.045028,4.017570,1,-0.075857,-0.115973,4.452377,1,-0.047641,-0.324950,4.369165,1,0.138729,-0.293328,4.154307,1,0.200830,-0.283093,4.086818,1,-0.267431,-0.418990,4.621696,2,-0.358873,-0.216646,4.226421,2,-0.288532,-0.609631,4.180397,1,-0.323696,-0.667279,4.061417,2,-0.142386,-0.432239,4.608307,2,0.016095,-0.287666,4.205748,2,0.046392,-0.618212,4.195609,2,0.008308,-0.675794,4.076554,2,-0.180712,-0.058994,4.486939,2,-0.254366,-0.044629,3.989591,1,-0.242377,-0.058050,3.994132,1,0.202873,-0.268493,4.065643,1,0.185303,-0.246304,4.067491,1,
00_00_00_0008,-0.167885,-0.433365,4.659267,2,-0.190541,-0.219129,4.562852,2,-0.183140,-0.009824,4.457659,2,-0.217372,0.128146,4.533089,2,-0.352346,0.111918,4.516726,1,-0.260988,0.036250,4.312516,1,-0.253211,-0.024547,4.089379,1,-0.250871,-0.044786,4.019144,1,-0.079424,-0.115265,4.452292,1,-0.051192,-0.324254,4.369077,1,0.135185,-0.292625,4.154224,1,0.197286,-0.282386,4.086737,1,-0.221791,-0.425977,4.637268,2,-0.350987,-0.229798,4.247966,2,-0.280021,-0.622680,4.202713,1,-0.318568,-0.683196,4.087710,2,-0.111200,-0.434114,4.607494,2,0.020922,-0.284880,4.196624,2,0.039669,-0.628039,4.194214,2,0.059768,-0.706657,4.121327,2,-0.183246,-0.059589,4.486788,2,-0.254635,-0.044387,3.991165,1,-0.242929,-0.056391,3.995723,1,0.199338,-0.267788,4.065560,1,0.179836,-0.246351,4.066816,1,
00_00_00_0009,-0.167579,-0.432881,4.658474,2,-0.188264,-0.217569,4.562326,2,-0.187306,-0.005557,4.456697,2,-0.221111,0.137565,4.547707,2,-0.337803,0.114950,4.508679,2,-0.237206,0.041355,4.308355,1,-0.226809,-0.020986,4.085776,1,-0.223573,-0.041735,4.015729,1,-0.080467,-0.113439,4.452079,1,-0.052232,-0.322425,4.368868,1,0.134149,-0.290811,4.154011,1,0.196250,-0.280576,4.086522,1,-0.222287,-0.425188,4.633118,2,-0.349518,-0.217834,4.249386,2,-0.282403,-0.611097,4.200522,1,-0.321248,-0.671810,4.085760,2,-0.110301,-0.433430,4.607688,2,0.021118,-0.284831,4.196335,2,0.040457,-0.627713,4.194022,2,0.060972,-0.706018,4.120651,2,-0.185344,-0.057446,4.486038,2,-0.227407,-0.041344,3.987746,1,-0.215386,-0.055298,3.992124,1,0.198305,-0.265983,4.065346,1,0.179388,-0.245514,4.066725,1,
00_00_00_0010,-0.333033,-0.419084,4.619699,2,-0.226394,-0.218056,4.553308,2,-0.131318,-0.019370,4.471506,2,-0.210355,0.135236,4.544109,2,-0.263424,0.095280,4.519481,1,-0.283434,0.042226,4.289131,1,-0.230181,-0.028165,4.075553,1,-0.212698,-0.051598,4.008502,1,-0.020731,-0.128200,4.467853,1,0.007259,-0.337102,4.384639,1,-0.003911,-0.279585,4.160631,2,0.019724,-0.279556,4.139977,1,-0.399797,-0.393569,4.573261,2,-0.360739,-0.213324,4.222323,2,-0.288926,-0.606395,4.180469,2,-0.311029,-0.655850,4.051321,2,-0.260850,-0.437777,4.590934,2,-0.014093,-0.302173,4.235733,2,0.039338,-0.625871,4.195521,2,0.014374,-0.675166,4.066310,2,-0.167009,-0.064614,4.491132,2,-0.216560,-0.051181,3.980518,1,-0.204575,-0.065100,3.984895,1,0.032215,-0.286992,4.113382,2,0.008419,-0.235835,4.131417,2,
00_00_00_0011,-0.333380,-0.419928,4.620513,2,-0.226977,-0.218352,4.553125,2,-0.130938,-0.019315,4.470740,2,-0.210110,0.135594,4.548965,2,-0.282620,0.040922,4.500261,2,-0.275819,0.073759,4.265114,1,-0.232304,-0.046497,4.073761,1,-0.218063,-0.086525,4.014115,1,-0.020636,-0.128186,4.467661,1,0.007353,-0.337083,4.384449,1,-0.003816,-0.279573,4.160445,1,0.019022,-0.279301,4.135646,1,-0.401585,-0.394754,4.581093,2,-0.361884,-0.215085,4.219997,1,-0.289937,-0.608184,4.178881,2,-0.304637,-0.659345,4.049102,2,-0.260849,-0.439621,4.588825,2,-0.013920,-0.302094,4.234548,2,0.039781,-0.629072,4.194810,2,0.022206,-0.680063,4.064971,2,-0.163515,-0.065823,4.490723,2,-0.221912,-0.086016,3.986133,1,-0.209910,-0.099815,3.990513,1,0.017228,-0.281853,4.107562,2,0.028431,-0.236847,4.135909,2,
00_00_00_0012,-0.331795,-0.421816,4.626507,2,-0.227452,-0.218681,4.553576,2,-0.131330,-0.019298,4.469683,2,-0.170880,0.107719,4.519989,2,-0.290249,0.023797,4.493618,1,-0.270749,0.087902,4.266185,1,-0.237113,-0.045697,4.082230,1,-0.226161,-0.090160,4.025050,1,-0.020750,-0.128188,4.467528,1,0.007239,-0.337086,4.384317,1,-0.003930,-0.279575,4.160313,1,0.021279,-0.278548,4.138938,2,-0.401226,-0.396113,4.586323,2,-0.362529,-0.216078,4.218688,1,-0.289848,-0.609082,4.178132,2,-0.302533,-0.661483,4.048747,2,-0.257947,-0.441270,4.593261,2,-0.014615,-0.302970,4.236603,2,0.043526,-0.623244,4.192550,2,0.027934,-0.675530,4.063097,2,-0.162750,-0.066302,4.490550,2,-0.229990,-0.089642,3.997069,1,-0.217962,-0.103430,4.001451,1,0.027021,-0.293291,4.111809,2,0.043609,-0.235569,4.133857,2,
00_00_00_0013,-0.131894,-0.441924,4.668494,2,-0.168265,-0.229487,4.568548,2,-0.203607,-0.019309,4.455843,2,-0.158575,0.104102,4.520989,2,-0.364739,0.013510,4.481794,1,-0.228336,0.083598,4.304359,1,-0.246485,-0.027120,4.103086,1,-0.252758,-0.063959,4.040138,1,-0.092530,-0.128331,4.457587,1,-0.064251,-0.337230,4.374382,1,-0.075238,-0.279717,4.150378,1,-0.013113,-0.273163,4.144961,1,-0.197467,-0.440806,4.638119,2,-0.344893,-0.239944,4.258565,2,-0.271972,-0.632774,4.217686,1,-0.287080,-0.699299,4.123552,2,-0.064187,-0.435911,4.623534,2,0.022156,-0.285135,4.200414,2,0.043492,-0.622074,4.191081,2,0.019097,-0.686297,4.072248,2,-0.183570,-0.069701,4.487906,2,-0.256520,-0.063511,4.012159,1,-0.244404,-0.077389,4.016544,1,-0.009314,-0.266419,4.127315,2,-0.014919,-0.255112,4.125750,2,
00_00_00_0014,-0.131506,-0.442670,4.669318,2,-0.168309,-0.229510,4.568573,2,-0.204353,-0.018804,4.455276,2,-0.159307,0.104569,4.520819,2,-0.364925,0.013636,4.481652,1,-0.229316,0.083431,4.303432,1,-0.249652,-0.029380,4.103613,1,-0.256655,-0.066917,4.041149,1,-0.092716,-0.128205,4.457445,1,-0.064436,-0.337105,4.374239,1,-0.075423,-0.279592,4.150236,1,-0.009360,-0.273357,4.147806,1,-0.196838,-0.441754,4.640688,2,-0.344162,-0.241064,4.260989,2,-0.270955,-0.633691,4.218175,1,-0.287256,-0.699350,4.123333,2,-0.063897,-0.436605,4.623529,2,0.023121,-0.285358,4.200735,2,0.044054,-0.622025,4.190835,2,0.019551,-0.686395,4.072139,2,-0.188514,-0.069515,4.486576,2,-0.260407,-0.066461,4.013172,1,-0.247884,-0.080322,4.017356,1,-0.008043,-0.271543,4.136302,2,-0.013167,-0.255203,4.127086,1,
00_00_00_0015,-0.131663,-0.440729,4.676321,2,-0.168394,-0.229232,4.569268,2,-0.204453,-0.018848,4.454220,2,-0.172449,0.106907,4.532941,2,-0.364880,0.013582,4.481484,1,-0.229541,0.083549,4.303115,1,-0.249835,-0.029414,4.103381,1,-0.256824,-0.067001,4.040946,1,-0.092671,-0.128259,4.457277,1,-0.064391,-0.337159,4.374071,1,-0.075377,-0.279646,4.150068,1,-0.012578,-0.263596,4.145981,1,-0.197274,-0.440680,4.643288,2,-0.343903,-0.241458,4.262463,1,-0.270068,-0.633848,4.218140,1,-0.287407,-0.699235,4.123289,2,-0.063462,-0.433668,4.636290,2,0.021763,-0.288778,4.210762,2,0.044443,-0.621523,4.190607,2,0.019223,-0.686892,4.072963,2,-0.189884,-0.069753,4.485765,2,-0.260576,-0.066545,4.012968,1,-0.246970,-0.080368,4.016658,1,-0.009315,-0.260851,4.127817,2,-0.009312,-0.243935,4.126000,2,
00_00_00_0016,-0.134545,-0.443396,4.674191,2,-0.168740,-0.229370,4.569148,2,-0.204236,-0.018378,4.454187,2,-0.153914,0.120417,4.543448,2,-0.364766,0.013709,4.481597,1,-0.243058,0.142803,4.331167,1,-0.254646,0.017732,4.135935,1,-0.258744,-0.023836,4.074997,1,-0.092557,-0.128132,4.457390,1,-0.064277,-0.337033,4.374185,1,-0.075264,-0.279519,4.150180,1,-0.009354,-0.290087,4.145399,1,-0.201710,-0.444107,4.639157,2,-0.345956,-0.240792,4.259663,2,-0.271502,-0.633056,4.215147,1,-0.287360,-0.700586,4.122498,2,-0.065455,-0.435869,4.634886,2,0.021551,-0.288911,4.210492,2,0.043673,-0.620316,4.191770,2,0.018803,-0.685217,4.073604,2,-0.190431,-0.069570,4.485664,2,-0.262496,-0.023493,4.047019,1,-0.250367,-0.037510,4.051403,1,-0.009326,-0.294816,4.132809,2,-0.009299,-0.288380,4.121000,1,
00_00_00_0017,-0.355818,-0.422045,4.659354,2,-0.243285,-0.227264,4.565994,2,-0.131571,-0.034502,4.459786,2,-0.108229,0.141906,4.534349,2,-0.292459,-0.004696,4.489184,1,-0.283466,0.156877,4.321234,1,-0.251041,0.021599,4.130558,1,-0.240501,-0.023358,4.071136,1,-0.020244,-0.146536,4.464916,1,0.007744,-0.355362,4.381697,1,-0.003427,-0.297801,4.157696,1,0.019795,-0.289639,4.135927,1,-0.428864,-0.394972,4.607119,2,-0.363566,-0.217716,4.220107,1,-0.288628,-0.609935,4.174872,1,-0.303874,-0.666409,4.048571,2,-0.277038,-0.442306,4.636404,2,-0.037788,-0.314195,4.272642,2,0.044340,-0.633631,4.188188,2,0.026187,-0.689908,4.061831,2,-0.169853,-0.078103,4.487739,2,-0.244300,-0.023016,4.043155,1,-0.232232,-0.037035,4.047535,1,0.032578,-0.298559,4.107642,2,0.022072,-0.238669,4.132133,2,
00_00_00_0018,-0.112620,-0.430106,4.682942,2,-0.163427,-0.222251,4.571854,2,-0.213019,-0.016586,4.448025,2,-0.152786,0.149582,4.528050,2,-0.373788,0.013194,4.477390,1,-0.244707,0.146856,4.338717,1,-0.251553,0.027958,4.131718,1,-0.254071,-0.011549,4.066858,1,-0.101578,-0.128649,4.453190,1,-0.073260,-0.337554,4.369984,1,-0.084225,-0.280031,4.145977,1,-0.020599,-0.284259,4.142401,1,-0.176272,-0.431998,4.650181,2,-0.335137,-0.220230,4.282312,2,-0.270966,-0.612387,4.219451,1,-0.282488,-0.692480,4.131408,2,-0.047153,-0.421293,4.640342,2,0.023430,-0.285740,4.208760,2,0.045940,-0.629733,4.188383,2,0.018751,-0.697845,4.073940,2,-0.190125,-0.071301,4.483604,2,-0.257834,-0.011238,4.038879,1,-0.245719,-0.025297,4.043262,1,-0.007713,-0.293193,4.114114,1,-0.020478,-0.282584,4.118000,1,
00_00_00_0019,-0.122687,-0.373852,4.706355,2,-0.164829,-0.212245,4.576379,2,-0.211923,-0.020151,4.446944,2,-0.153536,0.146615,4.527108,2,-0.383117,0.017602,4.489334,2,-0.247876,0.139662,4.345231,1,-0.252093,0.028848,4.135650,1,-0.253737,-0.007970,4.069930,1,-0.101304,-0.129539,4.452919,1,-0.072987,-0.338443,4.369712,1,-0.083954,-0.280915,4.145703,1,-0.087680,-0.262054,4.075173,1,-0.183947,-0.365589,4.693215,2,-0.334225,-0.215255,4.290644,2,-0.270954,-0.607495,4.227250,1,-0.280087,-0.694347,4.132780,2,-0.058472,-0.379704,4.643764,2,0.023862,-0.281701,4.203835,2,0.047268,-0.627227,4.188497,2,0.013533,-0.701158,4.082747,2,-0.191611,-0.071434,4.483131,2,-0.257501,-0.007668,4.041950,1,-0.245388,-0.021740,4.046333,1,-0.074619,-0.271034,4.046887,1,-0.087155,-0.260485,4.050771,1,
00_00_00_0020,-0.351509,-0.339491,4.616094,2,-0.232030,-0.176700,4.548242,2,-0.113559,-0.015703,4.467607,2,-0.088049,0.160946,4.538820,2,-0.252763,0.070282,4.465439,2,-0.439644,-0.046012,4.436716,2,-0.324396,-0.071198,4.194304,1,-0.286375,-0.079641,4.117631,1,-0.004237,-0.121334,4.474692,1,0.023686,-0.330265,4.391478,1,0.012474,-0.272763,4.167467,1,0.021851,-0.280681,4.141968,1,-0.413197,-0.310764,4.583713,2,-0.355032,-0.195753,4.241337,2,-0.291581,-0.588079,4.178059,1,-0.297232,-0.642546,4.048849,2,-0.284083,-0.362683,4.573192,2,-0.007339,-0.285532,4.223446,2,0.044860,-0.623335,4.191150,2,0.036272,-0.677504,4.061895,2,-0.143066,-0.055723,4.490213,2,-0.290064,-0.079156,4.089658,1,-0.277851,-0.092986,4.094050,1,0.029816,-0.284522,4.114011,2,0.038164,-0.240708,4.138077,2,
00_00_00_0021,-0.189737,-0.307084,4.546290,2,-0.181611,-0.008138,4.558233,2,-0.173101,0.286316,4.557306,2,-0.163485,0.433456,4.527983,2,-0.287448,0.154228,4.520078,2,-0.399650,-0.019774,4.424983,2,-0.334339,-0.057269,4.206215,1,-0.312936,-0.069791,4.137428,1,-0.063734,0.180312,4.564508,1,-0.035583,-0.029783,4.481424,1,-0.046644,0.026948,4.257360,1,-0.050366,0.045838,4.186825,1,-0.275404,-0.307858,4.516398,2,-0.366954,-0.180557,4.207705,1,-0.303862,-0.573160,4.145557,2,-0.280405,-0.615783,4.011562,2,-0.100911,-0.301213,4.500703,2,0.029376,-0.276320,4.179248,2,0.042738,-0.628243,4.191671,2,0.058101,-0.707705,4.118238,2,-0.175308,0.213312,4.559970,2,-0.316561,-0.069332,4.109459,1,-0.304265,-0.083196,4.113857,1,-0.042219,0.041168,4.158847,1,-0.033630,0.083889,4.182881,1,
00_00_00_0022,-0.189613,-0.306569,4.546409,2,-0.181653,-0.007706,4.557883,2,-0.173445,0.286874,4.555953,2,-0.163301,0.432930,4.527161,2,-0.288632,0.154041,4.521118,2,-0.397888,-0.021957,4.426272,1,-0.324675,-0.062223,4.210632,1,-0.300636,-0.075670,4.142889,2,-0.063820,0.180451,4.564169,1,-0.005984,-0.024600,4.484609,2,-0.133482,0.094422,4.337955,2,-0.156768,0.093779,4.312346,1,-0.275295,-0.307332,4.516913,2,-0.366965,-0.181138,4.207758,1,-0.303414,-0.573999,4.148298,2,-0.280663,-0.616657,4.014241,2,-0.100729,-0.300536,4.500468,2,0.029836,-0.275841,4.179124,2,0.043191,-0.627808,4.191336,2,0.059702,-0.707325,4.118663,2,-0.175552,0.213840,4.558943,2,-0.306277,-0.074193,4.115777,1,-0.292039,-0.089042,4.119312,1,-0.148669,0.112807,4.264831,2,-0.131926,0.101726,4.286000,2,
00_00_00_0023,-0.189044,-0.304045,4.547523,2,-0.181739,-0.005875,4.557283,2,-0.174277,0.288967,4.553192,2,-0.160663,0.431755,4.520990,2,-0.288115,0.154685,4.520984,2,-0.398310,-0.020610,4.425887,1,-0.306887,-0.042612,4.214736,1,-0.276776,-0.049968,4.148487,1,-0.064309,0.181814,4.562640,1,-0.007541,-0.021639,4.477133,2,-0.193007,0.132485,4.594998,1,-0.228760,0.169001,4.665831,1,-0.274763,-0.304979,4.516291,2,-0.337167,-0.167557,4.204000,2,-0.308709,-0.553505,4.088142,2,-0.289845,-0.658595,4.113118,2,-0.099967,-0.297126,4.504436,2,0.028502,-0.275499,4.181931,2,0.045304,-0.626464,4.192595,2,0.058803,-0.706343,4.119420,2,-0.176153,0.215835,4.556857,2,-0.280495,-0.049560,4.120511,1,-0.268321,-0.063492,4.124898,1,-0.220529,0.187872,4.618326,1,-0.203609,0.176595,4.639509,1,
00_00_00_0024,-0.191775,-0.297487,4.549648,2,-0.181656,-0.002728,4.556406,2,-0.171828,0.290969,4.549655,2,-0.158775,0.432368,4.507119,2,-0.294811,0.181619,4.526126,2,-0.410673,0.009011,4.433206,1,-0.389392,-0.085000,4.223475,2,-0.382681,-0.116340,4.157697,1,-0.035214,0.170144,4.543005,2,-0.008840,-0.038008,4.453477,2,-0.196974,0.133783,4.589045,1,-0.232718,0.170291,4.659862,1,-0.278257,-0.291913,4.516284,2,-0.373883,-0.043684,4.311413,2,-0.322008,-0.427616,4.196375,2,-0.309823,-0.472184,4.060848,2,-0.102233,-0.294795,4.507387,2,0.028317,-0.264303,4.186546,2,0.043973,-0.621274,4.193950,2,0.057662,-0.701368,4.121270,2,-0.174491,0.218057,4.554168,2,-0.386134,-0.115765,4.129745,1,-0.373613,-0.129476,4.134165,1,-0.224478,0.189159,4.612357,1,-0.206468,0.177526,4.635174,1,
00_00_00_0025,-0.193017,-0.289559,4.549278,2,-0.181580,0.002453,4.551721,2,-0.169803,0.293177,4.538151,2,-0.157531,0.428745,4.491061,2,-0.312246,0.203105,4.528844,2,-0.507815,0.103172,4.493148,2,-0.407246,-0.060408,4.341959,2,-0.378126,-0.120695,4.322240,1,-0.024135,0.196167,4.540527,2,0.004442,-0.017155,4.468808,2,-0.198415,0.123268,4.576913,1,-0.234162,0.159778,4.647733,1,-0.277165,-0.285205,4.513552,2,-0.378399,-0.167000,4.204414,2,-0.311331,-0.558257,4.137414,2,-0.302047,-0.602099,4.002010,2,-0.106027,-0.286859,4.509687,2,0.026940,-0.264404,4.189263,2,0.043983,-0.620952,4.194194,2,0.055696,-0.700633,4.119831,2,-0.173000,0.221202,4.544578,2,-0.338734,-0.179257,4.289665,2,-0.325368,-0.125647,4.327285,2,-0.225917,0.178669,4.600228,1,-0.208978,0.167417,4.621411,1,
00_00_00_0026,-0.199024,-0.281235,4.553404,2,-0.183073,0.007153,4.546942,2,-0.166756,0.296127,4.517723,2,-0.153556,0.422286,4.462340,2,-0.349235,0.235789,4.516076,2,-0.516920,0.094039,4.476524,2,-0.431557,-0.068108,4.341016,2,-0.410751,-0.122992,4.322793,1,-0.014816,0.202170,4.534218,2,0.079479,0.001793,4.503056,2,-0.183102,0.118254,4.571063,1,-0.218869,0.154784,4.641920,1,-0.282122,-0.276664,4.518899,2,-0.377326,-0.168050,4.203758,2,-0.310186,-0.559270,4.136603,2,-0.299387,-0.604190,4.001857,2,-0.112395,-0.280330,4.512366,2,0.026852,-0.265140,4.189137,2,0.040187,-0.624882,4.196373,2,0.054311,-0.702342,4.118182,2,-0.171454,0.224901,4.528902,2,-0.357805,-0.184886,4.274450,2,-0.378757,-0.101223,4.314500,2,-0.210658,0.173685,4.594413,1,-0.193763,0.162447,4.615593,1,
00_00_00_0027,-0.199382,-0.280623,4.554946,2,-0.184729,0.007641,4.541491,2,-0.171811,0.292725,4.497971,2,-0.154796,0.417755,4.445954,2,-0.342256,0.228954,4.513915,2,-0.512553,0.103587,4.433326,2,-0.430784,-0.085189,4.340086,2,-0.405999,-0.147466,4.316879,1,-0.010101,0.213651,4.521118,2,0.072615,0.007758,4.503265,2,-0.176835,0.115027,4.568097,1,-0.212618,0.151574,4.638986,1,-0.282181,-0.276518,4.520275,2,-0.381135,-0.196087,4.197271,2,-0.304464,-0.587110,4.143010,2,-0.297580,-0.632995,4.008667,2,-0.113177,-0.279301,4.514159,2,0.027776,-0.261711,4.185630,2,0.035828,-0.621041,4.197827,2,0.054876,-0.697770,4.120102,2,-0.175342,0.222519,4.512053,2,-0.355784,-0.207895,4.250780,2,-0.360074,-0.133729,4.372000,2,-0.204421,0.170482,4.591477,1,-0.187545,0.159254,4.612657,1,
00_00_00_0028,-0.198205,-0.280400,4.559560,2,-0.186543,0.007023,4.535827,2,-0.179846,0.289180,4.477711,2,-0.155136,0.407014,4.407703,2,-0.352902,0.218118,4.471513,2,-0.535062,0.099624,4.416693,2,-0.462482,-0.100428,4.326967,2,-0.427325,-0.148964,4.317781,1,-0.002571,0.213219,4.503695,2,0.072344,0.004438,4.491288,2,-0.169934,0.108976,4.557550,1,-0.205718,0.145523,4.628440,1,-0.280007,-0.277275,4.528680,2,-0.376954,-0.180804,4.209812,2,-0.310698,-0.572543,4.145676,2,-0.297029,-0.620023,4.012623,2,-0.112715,-0.278798,4.516155,2,0.026416,-0.261120,4.186373,2,0.028670,-0.625642,4.200632,2,0.057016,-0.697209,4.118609,2,-0.181433,0.219571,4.495447,2,-0.378173,-0.218060,4.243105,2,-0.393972,-0.126650,4.288924,2,-0.197535,0.164444,4.580931,1,-0.180678,0.153233,4.602108,1,
00_00_00_0029,-0.194771,-0.282426,4.561845,2,-0.185672,0.001448,4.519591,2,-0.182407,0.279557,4.441969,2,-0.155931,0.403124,4.395412,2,-0.353086,0.218076,4.458253,2,-0.528054,0.097129,4.382317,2,-0.461559,-0.107801,4.320260,2,-0.432796,-0.151740,4.317435,1,-0.000261,0.210929,4.489300,2,0.071499,0.000990,4.474661,2,-0.175662,0.091958,4.526393,1,-0.211464,0.128525,4.597316,1,-0.276230,-0.279490,4.530748,2,-0.378783,-0.229420,4.202403,2,-0.297156,-0.620496,4.160711,2,-0.284441,-0.670389,4.029196,2,-0.109945,-0.280534,4.518168,2,0.026974,-0.258868,4.189473,2,0.018729,-0.621473,4.202431,2,0.056815,-0.690659,4.123575,2,-0.183087,0.210596,4.464063,2,-0.382555,-0.218366,4.249104,2,-0.388693,-0.136721,4.302001,2,-0.203265,0.147484,4.549807,1,-0.186386,0.136321,4.570984,1,
00_00_00_0030,-0.194081,-0.283661,4.561339,2,-0.184501,-0.002915,4.504044,2,-0.178507,0.275596,4.424127,2,-0.154084,0.392871,4.365971,2,-0.351790,0.214101,4.432117,2,-0.518959,0.082072,4.356985,2,-0.455149,-0.127520,4.314868,2,-0.423124,-0.165079,4.309456,1,0.004447,0.198334,4.461329,2,0.066743,-0.014514,4.449314,2,-0.174420,0.090155,4.517132,1,-0.210227,0.126727,4.588064,1,-0.275623,-0.280223,4.530398,2,-0.379200,-0.183413,4.214030,2,-0.306457,-0.574941,4.157450,1,-0.294726,-0.626692,4.026620,2,-0.109192,-0.282495,4.517290,2,0.026133,-0.258209,4.191041,2,0.004922,-0.618851,4.207831,2,0.049994,-0.683917,4.128583,2,-0.180025,0.206514,4.446568,2,-0.390246,-0.227974,4.249267,2,-0.377951,-0.146977,4.297889,2,-0.202029,0.145689,4.540555,1,-0.185153,0.134530,4.561731,1,
00_00_00_0031,-0.192997,-0.285307,4.566076,2,-0.183233,-0.007272,4.495982,2,-0.172456,0.260023,4.384771,2,-0.154980,0.384113,4.334298,2,-0.345444,0.203052,4.402200,2,-0.515398,0.072283,4.332714,2,-0.461066,-0.140048,4.291775,2,-0.423797,-0.167425,4.299730,1,0.007331,0.197135,4.431036,2,0.078550,-0.011285,4.439077,2,-0.171910,0.089133,4.497107,1,-0.207737,0.125726,4.568079,1,-0.274461,-0.281371,4.533964,2,-0.380433,-0.212738,4.210515,2,-0.298109,-0.603948,4.172131,2,-0.286634,-0.659514,4.043869,2,-0.108338,-0.284614,4.523044,2,0.026204,-0.256861,4.193503,2,0.001586,-0.617168,4.210340,2,0.046072,-0.684224,4.133830,2,-0.175560,0.194385,4.417237,2,-0.379240,-0.203275,4.254775,2,-0.380820,-0.152461,4.298400,2,-0.199544,0.144690,4.520569,1,-0.182673,0.133532,4.541746,1,
00_00_00_0032,-0.187805,-0.287199,4.570924,2,-0.182493,-0.010964,4.486423,2,-0.178720,0.257420,4.369271,2,-0.155091,0.377627,4.314335,2,-0.343690,0.198578,4.377874,2,-0.507873,0.061041,4.307048,2,-0.460313,-0.154513,4.284352,2,-0.417230,-0.181252,4.272895,1,0.002932,0.189425,4.409041,2,0.066831,-0.022699,4.402537,2,-0.174183,0.079286,4.480057,1,-0.210017,0.115888,4.551042,1,-0.269894,-0.283276,4.537834,2,-0.378049,-0.214525,4.215222,2,-0.311790,-0.574816,4.200542,1,-0.299883,-0.632419,4.073483,2,-0.102630,-0.286389,4.528769,2,0.025092,-0.259519,4.195617,2,-0.002147,-0.615923,4.213428,2,0.032761,-0.691054,4.143327,2,-0.179850,0.190881,4.401237,2,-0.380847,-0.222976,4.209270,2,-0.374943,-0.158495,4.293333,2,-0.201817,0.134873,4.503532,1,-0.184936,0.123744,4.524708,1,
00_00_00_0033,-0.189262,-0.286084,4.575165,2,-0.181609,-0.013780,4.474433,2,-0.169442,0.247632,4.331145,2,-0.155580,0.369587,4.281166,2,-0.339568,0.194833,4.343046,2,-0.501859,0.056043,4.269607,2,-0.456382,-0.160193,4.257207,2,-0.431593,-0.186959,4.257310,1,0.002207,0.178791,4.384728,2,0.068037,-0.030776,4.396956,2,-0.176500,0.078622,4.466663,1,-0.212336,0.115226,4.537651,1,-0.271042,-0.281809,4.540679,2,-0.373515,-0.205694,4.217749,2,-0.289815,-0.597512,4.199735,2,-0.276437,-0.659130,4.075940,2,-0.104424,-0.285809,4.534658,2,0.024914,-0.258605,4.197690,2,-0.008020,-0.615217,4.219353,2,0.027825,-0.692012,4.148610,2,-0.173203,0.183181,4.370686,2,-0.389553,-0.233337,4.241766,2,-0.400016,-0.179887,4.230400,2,-0.204128,0.134212,4.490141,1,-0.187239,0.123084,4.511318,1,
00_00_00_0034,-0.197056,-0.278310,4.584228,2,-0.186723,-0.012434,4.465111,2,-0.176324,0.246686,4.314515,2,-0.155389,0.361762,4.258990,2,-0.342984,0.191521,4.319489,2,-0.506613,0.050389,4.256976,2,-0.450838,-0.163074,4.257741,2,-0.425598,-0.187579,4.257041,1,-0.000632,0.179242,4.358039,2,0.078938,-0.025941,4.367280,2,-0.170727,0.083475,4.445220,1,-0.206577,0.120092,4.516232,1,-0.278975,-0.272989,4.547966,2,-0.374697,-0.193932,4.223475,2,-0.295457,-0.586417,4.195061,2,-0.282962,-0.650804,4.073195,2,-0.111980,-0.279094,4.545352,2,0.023817,-0.257856,4.205312,2,-0.013770,-0.613788,4.229007,2,0.007345,-0.696317,4.166537,2,-0.179465,0.182700,4.354880,2,-0.387900,-0.232347,4.223766,2,-0.402172,-0.179199,4.241100,2,-0.198380,0.139066,4.468723,1,-0.181506,0.127921,4.489899,1,
00_00_00_0035,-0.197268,-0.275354,4.584661,2,-0.190398,-0.010047,4.447058,2,-0.185649,0.245616,4.277534,2,-0.163664,0.362395,4.223740,2,-0.346703,0.185382,4.277335,2,-0.511686,0.042947,4.225287,2,-0.451281,-0.164665,4.258607,2,-0.400776,-0.197489,4.253583,1,-0.003125,0.175942,4.335662,2,0.067970,-0.032594,4.343000,2,-0.187166,0.101363,4.407980,1,-0.223030,0.137995,4.479020,1,-0.279272,-0.269584,4.548244,2,-0.371878,-0.187737,4.223479,2,-0.297675,-0.580988,4.190331,2,-0.280637,-0.648636,4.071854,2,-0.112094,-0.276584,4.545829,2,0.022713,-0.257908,4.205938,2,-0.014647,-0.616093,4.229643,2,0.008329,-0.697746,4.165888,2,-0.186816,0.182534,4.322953,2,-0.375785,-0.241470,4.216435,2,-0.364695,-0.179753,4.258000,2,-0.214791,0.156926,4.431514,1,-0.197860,0.145721,4.452694,1,
00_00_00_0036,-0.191326,-0.260943,4.580975,2,-0.187669,-0.003097,4.430729,2,-0.184935,0.247696,4.260788,2,-0.166085,0.366238,4.203298,2,-0.343395,0.189088,4.262151,2,-0.507656,0.045697,4.210413,2,-0.432110,-0.159341,4.231993,2,-0.407366,-0.194263,4.239848,1,-0.000001,0.184427,4.299253,2,0.058028,-0.027912,4.308720,2,-0.195081,0.105170,4.381310,1,-0.230965,0.141823,4.452389,1,-0.273078,-0.256189,4.543910,2,-0.376315,-0.239493,4.212262,2,-0.289889,-0.630383,4.184639,1,-0.286591,-0.711324,4.185061,2,-0.106427,-0.261269,4.542628,2,0.019030,-0.258325,4.206851,2,-0.014124,-0.617066,4.227590,2,0.008529,-0.699547,4.166378,2,-0.185676,0.185654,4.305778,2,-0.375407,-0.234003,4.212569,2,-0.377879,-0.185747,4.223313,2,-0.222704,0.160743,4.404884,1,-0.205744,0.149524,4.426066,1,
00_00_00_0037,-0.188586,-0.240235,4.572235,2,-0.187963,0.013054,4.408867,2,-0.187789,0.261692,4.227104,2,-0.167600,0.374286,4.185215,2,-0.339570,0.195241,4.236522,2,-0.505147,0.051142,4.195922,2,-0.456888,-0.162943,4.209482,2,-0.431705,-0.189509,4.230793,1,0.001153,0.191078,4.281219,2,0.060615,-0.017234,4.310619,2,-0.219978,0.082587,4.318278,1,-0.255883,0.119266,4.389397,1,-0.270191,-0.236033,4.534863,2,-0.373014,-0.187500,4.206382,2,-0.296157,-0.580781,4.190351,1,-0.282356,-0.652466,4.075110,2,-0.103872,-0.240458,4.534115,2,0.013005,-0.263783,4.200945,2,-0.014266,-0.617594,4.227173,2,0.011193,-0.699602,4.167044,2,-0.187865,0.200140,4.275350,2,-0.395570,-0.235812,4.184011,2,-0.408638,-0.187820,4.210917,2,-0.247554,0.138236,4.341894,1,-0.230506,0.127081,4.363080,1,
00_00_00_0038,-0.163462,-0.236064,4.510197,2,-0.176279,0.024468,4.369691,2,-0.186972,0.273490,4.217497,2,-0.172197,0.394483,4.165392,2,-0.341139,0.214102,4.214427,2,-0.497979,0.058918,4.188027,2,-0.460858,-0.156202,4.209558,2,-0.416191,-0.190740,4.221071,1,-0.001098,0.205014,4.263214,2,0.051092,-0.007834,4.280106,2,-0.186032,0.094824,4.341095,1,-0.221947,0.131509,4.412231,1,-0.242046,-0.233767,4.475445,2,-0.398710,-0.178309,4.173459,2,-0.328636,-0.572607,4.145197,2,-0.289200,-0.674011,4.167847,2,-0.082135,-0.234406,4.469389,2,0.032854,-0.274182,4.143611,2,-0.014900,-0.620450,4.225321,2,0.013295,-0.702041,4.166907,2,-0.185278,0.211975,4.260444,2,-0.391652,-0.237639,4.182763,2,-0.381580,-0.179541,4.209889,2,-0.213702,0.150451,4.364725,1,-0.196765,0.139259,4.385905,1,
00_00_00_0039,-0.190162,-0.217633,4.499421,2,-0.188415,0.040745,4.352533,2,-0.189107,0.301124,4.185050,2,-0.172318,0.418100,4.148612,2,-0.340303,0.229331,4.196213,2,-0.488196,0.065199,4.176827,2,-0.458411,-0.150528,4.201371,2,-0.412628,-0.183203,4.204431,1,-0.006322,0.230038,4.247468,2,0.044319,0.014602,4.248315,2,-0.199379,0.117966,4.318189,1,-0.235306,0.154662,4.389347,1,-0.270032,-0.213784,4.465775,2,-0.399583,-0.182783,4.145948,2,-0.329210,-0.577235,4.123978,2,-0.291440,-0.669838,4.160997,2,-0.107208,-0.217716,4.457545,2,0.034877,-0.277198,4.147488,2,-0.014847,-0.621083,4.225173,2,0.013660,-0.702685,4.167236,2,-0.189798,0.236933,4.229363,2,-0.387897,-0.234618,4.162763,2,-0.377677,-0.164326,4.194500,2,-0.227026,0.173547,4.341844,1,-0.210043,0.162280,4.363029,1,
00_00_00_0040,-0.168466,-0.193870,4.482777,2,-0.178871,0.059984,4.340592,2,-0.186907,0.310663,4.182027,2,-0.174043,0.447972,4.129275,2,-0.341071,0.252171,4.187733,2,-0.484795,0.070016,4.168095,2,-0.393987,-0.128253,4.193299,2,-0.378483,-0.173974,4.202571,1,-0.001363,0.254063,4.235397,2,0.067512,0.044594,4.244457,2,-0.179378,0.153596,4.303142,1,-0.215327,0.190310,4.374339,1,-0.245565,-0.193083,4.444014,2,-0.407116,-0.183211,4.139731,2,-0.342388,-0.578678,4.121061,2,-0.296173,-0.668398,4.157425,2,-0.087861,-0.190916,4.445294,2,0.032597,-0.290024,4.136637,2,-0.014709,-0.621437,4.224570,2,0.012181,-0.703035,4.164643,2,-0.185845,0.248293,4.224640,2,-0.354086,-0.207516,4.185445,2,-0.336531,-0.168369,4.201251,2,-0.207094,0.209109,4.326836,1,-0.190172,0.197726,4.348024,1,
00_00_00_0041,-0.163641,-0.167790,4.471248,2,-0.165134,0.098924,4.326463,2,-0.165387,0.359268,4.170478,2,-0.178206,0.482363,4.124407,2,-0.343800,0.279201,4.175881,2,-0.481391,0.074225,4.164360,2,-0.403536,-0.130697,4.181793,2,-0.363356,-0.180573,4.191442,1,-0.004465,0.297608,4.207584,2,0.071228,0.095944,4.244081,2,-0.181100,0.173306,4.297421,1,-0.217068,0.210037,4.368654,1,-0.242294,-0.172628,4.436807,2,-0.405482,-0.127631,4.136952,2,-0.327459,-0.520357,4.145709,1,-0.313282,-0.587609,4.025939,2,-0.081938,-0.159886,4.429382,2,0.031152,-0.295682,4.133786,2,-0.014614,-0.621311,4.224148,2,0.012966,-0.703390,4.166973,2,-0.165150,0.295597,4.211602,2,-0.314694,-0.240457,4.164783,2,-0.327993,-0.146721,4.210214,2,-0.208829,0.228788,4.321154,1,-0.191901,0.217342,4.342345,1,
00_00_00_0042,-0.173554,-0.144678,4.460903,2,-0.176268,0.128661,4.314914,2,-0.179088,0.400600,4.155524,2,-0.181847,0.522778,4.119884,2,-0.349400,0.319913,4.161612,2,-0.460000,0.100941,4.165377,2,-0.400174,-0.111713,4.164287,2,-0.378624,-0.170985,4.174964,1,-0.010511,0.320945,4.202103,2,0.049712,0.106909,4.193526,2,-0.201634,0.211224,4.255128,1,-0.237615,0.247967,4.326386,1,-0.251724,-0.146306,4.426783,2,-0.413083,-0.136218,4.122420,2,-0.352024,-0.532442,4.113567,2,-0.307013,-0.628714,4.141926,2,-0.092229,-0.140393,4.419312,2,0.028991,-0.292784,4.136863,2,-0.014481,-0.621274,4.224142,2,0.012940,-0.703426,4.167063,2,-0.178251,0.332581,4.198012,2,-0.360577,-0.239211,4.143991,2,-0.346371,-0.154483,4.164401,2,-0.229322,0.266622,4.278893,1,-0.212322,0.255047,4.300096,1,
00_00_00_0043,-0.167963,-0.094064,4.447468,2,-0.177061,0.175612,4.303840,2,-0.184650,0.438042,4.148009,2,-0.180471,0.575700,4.113293,2,-0.344435,0.350852,4.154469,2,-0.450917,0.102566,4.162031,2,-0.395615,-0.111264,4.161267,2,-0.369159,-0.172421,4.172600,1,-0.007033,0.357941,4.196673,2,0.058661,0.145289,4.186166,2,-0.215968,0.248394,4.227863,1,-0.251966,0.285152,4.299154,1,-0.245505,-0.096349,4.417778,2,-0.388920,-0.197682,4.122485,2,-0.332082,-0.593804,4.129927,1,-0.285548,-0.668004,4.172752,2,-0.087556,-0.090178,4.401517,2,0.018679,-0.285091,4.143292,2,-0.014079,-0.622123,4.224125,2,0.013174,-0.704288,4.166918,2,-0.183030,0.373551,4.189320,2,-0.357127,-0.238093,4.148896,2,-0.340482,-0.145955,4.156917,2,-0.243635,0.303714,4.251668,1,-0.226584,0.292015,4.272882,1,
00_00_00_0044,-0.162743,-0.075168,4.434341,2,-0.172200,0.199255,4.298228,2,-0.179972,0.474266,4.150344,2,-0.182166,0.603109,4.116049,2,-0.348393,0.383099,4.149819,2,-0.422338,0.102817,4.158852,2,-0.371982,-0.112412,4.151865,2,-0.340177,-0.178097,4.174281,1,-0.000731,0.385165,4.190105,2,0.051663,0.167247,4.178754,2,-0.226912,0.257323,4.223173,1,-0.262909,0.294080,4.294463,1,-0.239791,-0.079343,4.404786,2,-0.393499,-0.116373,4.098302,2,-0.355010,-0.515203,4.099231,2,-0.310354,-0.609099,4.131570,2,-0.082937,-0.069583,4.388222,2,0.009640,-0.275989,4.134254,2,-0.013865,-0.623076,4.224694,2,0.013300,-0.705062,4.166668,2,-0.178229,0.405479,4.189392,2,-0.320363,-0.237811,4.140781,2,-0.301349,-0.137569,4.187666,2,-0.254551,0.312620,4.246980,1,-0.237464,0.300890,4.268198,1,
00_00_00_0045,-0.149282,-0.039337,4.376920,2,-0.168605,0.244279,4.266189,2,-0.186917,0.521748,4.143029,2,-0.179954,0.660041,4.112947,2,-0.341639,0.427049,4.148724,2,-0.388198,0.159861,4.153919,2,-0.372871,-0.060793,4.146262,2,-0.357349,-0.126496,4.160943,1,-0.001205,0.433592,4.187943,2,0.035189,0.213696,4.161431,2,-0.240508,0.312352,4.205082,1,-0.276523,0.349123,4.276408,1,-0.224159,-0.050088,4.339904,2,-0.439682,-0.153374,4.102160,1,-0.403714,-0.552368,4.101567,1,-0.327118,-0.626773,4.132519,2,-0.071822,-0.027906,4.338270,2,0.005763,-0.288598,4.145539,2,-0.014276,-0.622403,4.225908,2,0.012096,-0.704560,4.167559,2,-0.182566,0.453543,4.176196,2,-0.358893,-0.200279,4.152677,2,-0.368525,-0.124593,4.165751,2,-0.268129,0.367526,4.228937,1,-0.250996,0.355615,4.250172,1,
00_00_00_0046,-0.153575,-0.016975,4.333681,2,-0.169638,0.264976,4.248697,2,-0.185998,0.545747,4.140176,2,-0.180286,0.683303,4.118178,2,-0.343599,0.451751,4.143104,2,-0.360764,0.197235,4.150175,2,-0.346960,-0.057265,4.145691,2,-0.337385,-0.131816,4.164807,1,-0.003530,0.465985,4.174861,2,0.054922,0.250627,4.158291,2,-0.181618,0.362731,4.239450,1,-0.217640,0.399497,4.310779,1,-0.225042,-0.027894,4.301230,2,-0.316801,-0.317025,4.191991,1,-0.308712,-0.716824,4.192695,2,-0.250841,-0.648541,4.200301,2,-0.079494,-0.006470,4.291573,2,-0.020446,-0.304781,4.181177,2,-0.015528,-0.622271,4.226233,2,0.010887,-0.704314,4.167467,2,-0.182076,0.475474,4.170125,2,-0.336348,-0.199337,4.152284,2,-0.365968,-0.163625,4.153000,2,-0.209394,0.417785,4.263309,1,-0.192457,0.405721,4.284547,1,
00_00_00_0047,-0.144880,0.004447,4.324111,2,-0.162586,0.304504,4.238735,2,-0.181616,0.598613,4.142721,2,-0.179109,0.734264,4.124337,2,-0.339183,0.482277,4.138189,2,-0.345651,0.202995,4.144391,2,-0.327943,-0.033119,4.136143,2,-0.322368,-0.103177,4.156634,1,-0.007350,0.509136,4.172354,2,0.082684,0.308756,4.193083,2,-0.092298,0.322521,4.000936,2,-0.116841,0.335304,3.983807,1,-0.218799,-0.003721,4.288675,2,-0.310257,-0.297919,4.204192,1,-0.301647,-0.697752,4.205212,2,-0.214566,-0.666111,4.201066,2,-0.068220,0.013478,4.283581,2,-0.025472,-0.290275,4.185280,2,-0.017209,-0.621869,4.228501,2,0.002857,-0.705298,4.168615,2,-0.176803,0.527027,4.168821,2,-0.310992,-0.176933,4.147905,2,-0.345292,-0.110862,4.137800,2,-0.131686,0.328614,3.963390,2,-0.094400,0.334690,3.937143,2,
00_00_00_0048,-0.143215,0.030264,4.298577,2,-0.160681,0.320030,4.231647,2,-0.178376,0.609876,4.144590,2,-0.177034,0.754820,4.131942,2,-0.333275,0.518375,4.143678,2,-0.335339,0.242688,4.138871,2,-0.293237,0.024997,4.127913,2,-0.293870,-0.019487,4.141471,1,-0.004664,0.518852,4.172251,2,0.080952,0.314557,4.188546,2,-0.090305,0.353827,3.997828,2,-0.111912,0.364771,3.972680,1,-0.224044,0.025785,4.257077,2,-0.276869,-0.281259,4.214440,2,-0.272152,-0.613950,4.220556,2,-0.259770,-0.666145,4.090164,2,-0.060969,0.034980,4.263424,2,-0.029144,-0.273860,4.189538,2,-0.019352,-0.621652,4.231540,2,0.003064,-0.703702,4.168561,2,-0.174164,0.537785,4.168875,2,-0.296777,-0.064969,4.150308,2,-0.324703,-0.017454,4.113235,2,-0.137801,0.367692,3.955777,2,-0.091937,0.363840,3.933667,2,
00_00_00_0049,-0.147804,0.043980,4.283274,2,-0.163364,0.346357,4.222167,2,-0.177629,0.647907,4.149663,2,-0.172965,0.785962,4.136498,2,-0.331342,0.536001,4.139530,2,-0.330331,0.291411,4.126554,2,-0.282643,0.075211,4.106338,2,-0.274395,0.030884,4.118233,1,-0.003745,0.525521,4.172915,2,0.071865,0.315428,4.153842,2,-0.092656,0.352627,4.000214,2,-0.109404,0.389120,3.974433,1,-0.226865,0.037824,4.242877,2,-0.267378,-0.271218,4.207635,2,-0.281023,-0.670271,4.221546,2,-0.267292,-0.720170,4.090281,2,-0.066430,0.049125,4.248270,2,-0.029819,-0.262859,4.190120,2,-0.020636,-0.622014,4.234675,2,0.002649,-0.703094,4.169348,2,-0.174311,0.572746,4.169722,2,-0.272910,-0.012309,4.129648,2,-0.303790,0.024799,4.092572,2,-0.127133,0.391097,3.957437,2,-0.085977,0.398835,3.919250,2,
00_00_00_0050,-0.149177,0.057746,4.268357,2,-0.161970,0.358695,4.220650,2,-0.173482,0.661173,4.159105,2,-0.169207,0.804148,4.147426,2,-0.332313,0.559010,4.145647,2,-0.329937,0.298063,4.121828,2,-0.272437,0.085920,4.081620,2,-0.252641,0.045954,4.100958,1,0.005446,0.577409,4.175950,2,0.060467,0.351385,4.153971,2,-0.081124,0.408017,3.971591,2,-0.103780,0.416068,3.957186,1,-0.226801,0.051685,4.228689,2,-0.263072,-0.257478,4.206429,2,-0.278164,-0.656243,4.224129,2,-0.264797,-0.704587,4.091841,2,-0.069085,0.062900,4.232201,2,-0.031088,-0.253940,4.189958,2,-0.021450,-0.621477,4.235461,2,0.002071,-0.702544,4.170264,2,-0.170913,0.585920,4.176232,2,-0.237917,-0.000158,4.105822,2,-0.280579,0.040210,4.087111,2,-0.115266,0.422885,3.920759,2,-0.086829,0.423906,3.919222,2,
00_00_00_0051,-0.147697,0.068106,4.254541,2,-0.157471,0.372046,4.215761,2,-0.165938,0.674683,4.162969,2,-0.167516,0.817970,4.155021,2,-0.329570,0.567650,4.145172,2,-0.332594,0.302294,4.116047,2,-0.264144,0.095872,4.061331,2,-0.240862,0.078059,4.081067,1,0.008882,0.582732,4.178843,2,0.072034,0.362649,4.160882,2,-0.065486,0.413972,3.985015,2,-0.088487,0.431171,3.954552,1,-0.223216,0.068251,4.211999,2,-0.259898,-0.239641,4.204979,2,-0.275782,-0.638199,4.225527,2,-0.261532,-0.685508,4.092661,2,-0.069098,0.068310,4.220836,2,-0.029896,-0.255170,4.189915,2,-0.022470,-0.621885,4.236131,2,0.002609,-0.702245,4.170132,2,-0.164122,0.599520,4.178164,2,-0.225935,0.052628,4.090822,2,-0.263637,0.063435,4.073000,2,-0.104479,0.436423,3.915088,2,-0.063958,0.444867,3.908600,2,
00_00_00_0052,-0.145717,0.070073,4.245127,2,-0.155514,0.377266,4.212972,2,-0.163268,0.683750,4.166023,2,-0.164563,0.824731,4.159967,2,-0.329359,0.568032,4.145107,2,-0.341613,0.340004,4.104416,2,-0.265979,0.138253,4.040051,2,-0.220705,0.103999,4.070879,1,0.008819,0.582966,4.178770,2,0.074348,0.364295,4.153447,2,-0.073084,0.416869,3.978034,2,-0.084430,0.446145,3.939327,1,-0.221304,0.067194,4.206618,2,-0.258769,-0.239796,4.205808,2,-0.276445,-0.638179,4.227449,2,-0.262183,-0.684706,4.094162,2,-0.067515,0.074139,4.206123,2,-0.028951,-0.257306,4.190732,2,-0.023222,-0.621908,4.236594,2,0.002056,-0.702230,4.170649,2,-0.161626,0.607482,4.179606,2,-0.186778,0.058092,4.084578,2,-0.266691,0.083339,4.098500,2,-0.082300,0.470162,3.872739,2,-0.065636,0.449379,3.898000,2,
00_00_00_0053,-0.143667,0.072282,4.236857,2,-0.153425,0.381584,4.210654,2,-0.160818,0.689651,4.168908,2,-0.158368,0.834309,4.171649,2,-0.325144,0.573550,4.147887,2,-0.348818,0.345365,4.102156,2,-0.237059,0.162654,4.020671,2,-0.194075,0.124797,4.054260,1,0.014012,0.590176,4.184638,2,0.085565,0.375669,4.153723,2,-0.075811,0.421308,3.975871,1,-0.085953,0.457461,3.952788,1,-0.218530,0.066880,4.198355,2,-0.258335,-0.238663,4.205053,2,-0.275955,-0.636736,4.230105,2,-0.260816,-0.682613,4.096519,2,-0.066295,0.077645,4.198992,2,-0.035391,-0.237637,4.195145,2,-0.026056,-0.621948,4.239756,2,-0.013069,-0.667951,4.106073,2,-0.159267,0.613005,4.181189,2,-0.155017,0.081018,4.066031,2,-0.230040,0.085427,4.065143,2,-0.088773,0.476411,3.924239,2,-0.065261,0.468353,3.901334,2,
00_00_00_0054,-0.140126,0.073779,4.223481,2,-0.151409,0.384235,4.206950,2,-0.159857,0.691615,4.169976,2,-0.151844,0.837038,4.176027,2,-0.324711,0.575244,4.148360,2,-0.351781,0.349343,4.101202,2,-0.236596,0.181372,4.001662,2,-0.191352,0.152834,4.023688,1,0.014077,0.590064,4.184592,2,0.086157,0.374061,4.148713,2,-0.035564,0.452495,3.971264,2,-0.072222,0.463585,3.962171,1,-0.214808,0.067287,4.185194,2,-0.249856,-0.236652,4.203990,2,-0.272837,-0.634127,4.232228,2,-0.257853,-0.679248,4.098157,2,-0.063053,0.079502,4.186127,2,-0.033688,-0.227177,4.196082,2,-0.025051,-0.623246,4.240627,2,-0.012200,-0.668459,4.106467,2,-0.158195,0.614984,4.181446,2,-0.150368,0.117728,4.037828,2,-0.214026,0.121748,4.015857,2,-0.099795,0.462318,3.939912,2,-0.062274,0.429658,3.934000,2,
00_00_00_0055,-0.134999,0.082026,4.213902,2,-0.146514,0.390039,4.203970,2,-0.155052,0.695486,4.174494,2,-0.150600,0.837807,4.176118,2,-0.322096,0.580452,4.151175,2,-0.354489,0.360525,4.100207,2,-0.239599,0.194300,3.997020,2,-0.191369,0.164011,3.998302,1,0.017976,0.591865,4.185484,2,0.089457,0.374725,4.149054,2,-0.034354,0.451694,3.972446,1,-0.063053,0.469869,3.952013,1,-0.207065,0.078551,4.172206,2,-0.245841,-0.223787,4.196806,2,-0.270501,-0.620465,4.231541,2,-0.256081,-0.665023,4.096986,2,-0.060077,0.084788,4.179507,2,-0.031204,-0.220940,4.195169,2,-0.026749,-0.617011,4.240304,2,-0.000795,-0.698403,4.177729,2,-0.153535,0.619318,4.184007,2,-0.152804,0.118906,4.030451,2,-0.220944,0.125507,4.040100,2,-0.091223,0.472924,3.917239,2,-0.078633,0.452552,3.915000,2,
00_00_00_0056,-0.132397,0.077740,4.208013,2,-0.144364,0.389063,4.202145,2,-0.153129,0.695294,4.176076,2,-0.145728,0.834776,4.179100,2,-0.321938,0.580568,4.151253,2,-0.357450,0.362947,4.098017,2,-0.244515,0.203050,3.982164,2,-0.200392,0.178436,3.975216,1,0.017889,0.591562,4.185503,2,0.091499,0.374661,4.148455,2,-0.033475,0.450910,3.972376,1,-0.054354,0.466747,3.937354,1,-0.205755,0.073474,4.167648,2,-0.242386,-0.228897,4.193137,2,-0.268297,-0.624689,4.233929,2,-0.289810,-0.706771,4.172063,2,-0.056124,0.081024,4.172054,2,-0.020596,-0.277664,4.193614,2,-0.027344,-0.622318,4.241003,2,0.000301,-0.702603,4.176612,2,-0.151727,0.619137,4.184728,2,-0.154609,0.120822,4.017827,2,-0.209541,0.142341,3.994600,2,-0.044564,0.483057,3.875336,2,-0.026218,0.477365,3.875333,2,
00_00_00_0057,-0.130212,0.076851,4.201583,2,-0.141852,0.388408,4.199486,2,-0.150783,0.694435,4.177386,2,-0.142112,0.832623,4.178413,2,-0.319676,0.578949,4.152484,2,-0.357543,0.362029,4.097616,2,-0.265493,0.214820,3.948464,2,-0.244962,0.207541,3.945593,2,0.018568,0.589851,4.185545,2,0.094054,0.374996,4.148816,2,-0.031969,0.450337,3.973106,1,-0.048974,0.465095,3.933817,1,-0.203339,0.073219,4.160149,2,-0.236035,-0.230085,4.183671,2,-0.266997,-0.624243,4.232930,2,-0.252884,-0.668122,4.097960,2,-0.054425,0.079510,4.166981,2,-0.020752,-0.278631,4.193028,2,-0.027252,-0.622332,4.241158,2,-0.002011,-0.703336,4.176665,2,-0.149463,0.618525,4.185148,2,-0.210594,0.170650,3.910345,2,-0.197458,0.230451,3.982143,2,-0.072325,0.481347,3.899738,2,-0.025625,0.480390,3.887800,2,
00_00_00_0058,-0.126841,0.071475,4.193115,2,-0.133989,0.384246,4.193596,2,-0.138323,0.690777,4.177564,2,-0.136169,0.828529,4.177050,2,-0.318743,0.577810,4.154087,2,-0.356323,0.360822,4.099335,2,-0.252280,0.195965,3.975554,2,-0.245582,0.185989,3.944977,2,0.019258,0.586320,4.183338,2,0.093798,0.369009,4.137645,2,-0.033160,0.442161,3.961643,1,-0.043560,0.470033,3.938087,1,-0.200842,0.069446,4.154360,2,-0.235534,-0.232951,4.180677,2,-0.266699,-0.626479,4.233600,2,-0.287168,-0.708928,4.171907,2,-0.050315,0.072187,4.155590,2,-0.023114,-0.273247,4.186837,2,-0.026953,-0.622475,4.241035,2,-0.001204,-0.703239,4.176165,2,-0.137918,0.614917,4.183766,2,-0.238021,0.163422,3.907475,2,-0.209430,0.139799,3.988667,2,-0.076017,0.478181,3.909741,2,-0.035519,0.499379,3.927125,2,
00_00_00_0059,-0.122492,0.067851,4.185554,2,-0.129382,0.380747,4.187700,2,-0.135097,0.687977,4.175195,2,-0.130164,0.823433,4.173755,2,-0.309996,0.574521,4.149799,2,-0.354600,0.358298,4.098810,2,-0.288496,0.191462,3.957352,2,-0.277825,0.168629,3.930671,2,0.028410,0.586752,4.180101,2,0.092906,0.367183,4.130284,2,-0.034561,0.440058,3.954545,1,-0.040906,0.467674,3.932875,1,-0.197121,0.066229,4.147478,2,-0.231302,-0.236148,4.174044,2,-0.264776,-0.628190,4.234117,2,-0.288293,-0.709747,4.172294,2,-0.045605,0.068314,4.147789,2,-0.023225,-0.273747,4.185208,2,-0.025294,-0.622786,4.239989,2,-0.000929,-0.704348,4.176397,2,-0.134153,0.611972,4.180684,2,-0.264956,0.138851,3.884378,2,-0.240471,0.127310,3.994333,2,-0.029803,0.492031,3.879737,2,-0.051448,0.494267,3.925333,2,
00_00_00_0060,-0.117331,0.063550,4.179137,2,-0.122218,0.377070,4.183827,2,-0.125477,0.684283,4.174598,2,-0.123966,0.815493,4.166608,2,-0.302095,0.572277,4.147673,2,-0.351807,0.356856,4.099018,2,-0.301102,0.181835,3.961492,2,-0.302144,0.156825,3.943649,2,0.040446,0.583843,4.179990,2,0.102654,0.369088,4.138276,2,-0.025435,0.436363,3.958882,2,-0.041855,0.461423,3.936271,1,-0.191985,0.061916,4.141066,2,-0.225725,-0.241062,4.165095,2,-0.263581,-0.630961,4.233746,2,-0.289263,-0.711774,4.171747,2,-0.040550,0.064091,4.141448,2,-0.015243,-0.285708,4.176545,2,-0.024826,-0.623647,4.239947,2,0.000121,-0.704990,4.176200,2,-0.124996,0.608331,4.179222,2,-0.301755,0.113833,3.904928,2,-0.287461,0.121974,3.909000,2,-0.058153,0.476689,3.897413,2,-0.072988,0.470573,3.934833,2,
00_00_00_0061,-0.114926,0.060026,4.175426,2,-0.118075,0.372909,4.178980,2,-0.120119,0.679746,4.169428,2,-0.120668,0.813790,4.164491,2,-0.294155,0.568198,4.146389,2,-0.349988,0.354161,4.098963,2,-0.329907,0.167901,3.967725,2,-0.330559,0.130356,3.942471,2,0.037538,0.580058,4.178094,2,0.109808,0.363331,4.136630,2,0.001718,0.445226,3.949191,1,-0.024907,0.455487,3.921530,2,-0.190155,0.059075,4.139675,2,-0.224818,-0.299922,4.158395,2,-0.261561,-0.616085,4.229250,2,-0.282927,-0.700325,4.175625,2,-0.037392,0.059699,4.134247,2,-0.013862,-0.289481,4.174665,2,-0.024622,-0.623873,4.240299,2,0.000348,-0.705235,4.176639,2,-0.119825,0.603896,4.174132,2,-0.330464,0.077553,3.924254,2,-0.323906,0.061254,3.932500,2,-0.029681,0.479545,3.863746,2,-0.055418,0.447588,3.905000,2,
00_00_00_0062,-0.112891,0.058516,4.172190,2,-0.114943,0.371324,4.174403,2,-0.116114,0.678099,4.163740,2,-0.112820,0.810312,4.159636,2,-0.285263,0.570810,4.142079,2,-0.347507,0.352385,4.100942,2,-0.337809,0.158753,3.982292,2,-0.346924,0.106720,3.962534,2,0.041717,0.576055,4.174857,2,0.115194,0.359043,4.135824,2,-0.010619,0.421409,3.951160,1,-0.018832,0.456791,3.934025,2,-0.188216,0.057627,4.136394,2,-0.224731,-0.299209,4.155569,2,-0.262095,-0.617288,4.227246,2,-0.282658,-0.701766,4.173852,2,-0.035515,0.058322,4.131616,2,-0.012971,-0.289731,4.173057,2,-0.023857,-0.623614,4.239651,2,0.000411,-0.705466,4.176947,2,-0.115986,0.602279,4.168743,2,-0.358432,0.049191,3.931295,2,-0.315573,0.104469,3.951167,2,-0.025774,0.481268,3.903149,2,-0.070446,0.434407,3.994000,2,
00_00_00_0063,-0.107753,0.055383,4.167598,2,-0.107945,0.368765,4.168947,2,-0.107343,0.676149,4.157569,2,-0.105676,0.807266,4.151081,2,-0.277278,0.564848,4.133380,2,-0.348385,0.336573,4.099966,2,-0.354993,0.134660,3.997690,2,-0.364677,0.073893,3.981704,2,0.043531,0.575788,4.174121,2,0.120522,0.350502,4.135217,2,-0.005687,0.412643,3.949823,1,-0.019600,0.448471,3.926711,2,-0.183157,0.054126,4.131668,2,-0.223502,-0.301541,4.146722,2,-0.262834,-0.624303,4.224461,2,-0.285569,-0.708190,4.171360,2,-0.030489,0.055662,4.127468,2,-0.012242,-0.291202,4.172534,2,-0.023942,-0.623541,4.239657,2,0.001882,-0.704884,4.176733,2,-0.107615,0.600181,4.162759,2,-0.370653,0.014369,3.964795,2,-0.330673,0.072838,3.982000,2,-0.003472,0.480354,3.870250,2,-0.059029,0.460356,3.917571,2,
00_00_00_0064,-0.101430,0.055508,4.161386,2,-0.099837,0.367431,4.160844,2,-0.097560,0.672841,4.147492,2,-0.099808,0.805984,4.139253,2,-0.275026,0.566357,4.127663,2,-0.348835,0.329530,4.098194,2,-0.367876,0.117103,4.027023,2,-0.383188,0.048537,4.018940,2,0.064338,0.577280,4.161894,2,0.131481,0.351680,4.133010,2,0.004847,0.413700,3.947236,1,-0.019674,0.448095,3.933395,2,-0.177254,0.054534,4.126586,2,-0.221465,-0.303351,4.126966,2,-0.271601,-0.639043,4.207989,2,-0.257082,-0.682455,4.072828,2,-0.023833,0.055450,4.120184,2,-0.011084,-0.291483,4.171411,2,-0.024061,-0.623492,4.239659,2,0.002223,-0.704447,4.175826,2,-0.098230,0.597418,4.153209,2,-0.390196,-0.019217,4.011040,2,-0.353430,0.036721,4.008909,2,-0.031894,0.468555,3.891029,2,-0.020741,0.484808,3.906556,2,
00_00_00_0065,-0.098249,0.056782,4.157434,2,-0.096118,0.368564,4.154469,2,-0.093539,0.673786,4.138321,2,-0.095635,0.806280,4.128073,2,-0.271560,0.567858,4.122599,2,-0.347645,0.322712,4.098572,2,-0.379144,0.107212,4.047321,2,-0.392016,0.041976,4.054163,2,0.070557,0.581151,4.151179,2,0.163599,0.363447,4.135725,2,-0.009911,0.395259,3.946725,2,-0.026120,0.439013,3.940088,2,-0.173220,0.056703,4.120659,2,-0.220953,-0.307481,4.107254,2,-0.272204,-0.637108,4.197137,2,-0.259483,-0.680806,4.061859,2,-0.021448,0.056031,4.117865,2,-0.007758,-0.293730,4.168599,2,-0.023002,-0.624159,4.240318,2,0.002746,-0.705163,4.176023,2,-0.094254,0.598413,4.144775,2,-0.409438,-0.028625,4.058119,2,-0.355956,0.045671,4.036786,2,-0.029078,0.457507,3.891261,2,0.021217,0.451882,3.875154,2,
00_00_00_0066,-0.095488,0.056219,4.149384,2,-0.092269,0.368228,4.142787,2,-0.088679,0.673906,4.123114,2,-0.090917,0.806792,4.112444,2,-0.268690,0.567546,4.113420,2,-0.346198,0.316464,4.100223,2,-0.384193,0.099468,4.067605,2,-0.395163,0.042937,4.084490,2,0.077342,0.571898,4.130749,2,0.149404,0.361299,4.093869,2,0.000834,0.448106,3.901272,2,-0.009115,0.459614,3.894596,1,-0.171158,0.056622,4.111975,2,-0.226368,-0.306684,4.056832,2,-0.267148,-0.642379,4.189802,2,-0.292289,-0.724882,4.133958,2,-0.018131,0.054951,4.110765,2,-0.005308,-0.294206,4.165852,2,-0.022741,-0.624186,4.240273,2,0.003390,-0.705088,4.175911,2,-0.089634,0.598400,4.130436,2,-0.413885,-0.014016,4.083786,2,-0.360048,0.036470,4.069625,2,-0.019154,0.457558,3.854759,2,0.017495,0.442461,3.859667,2,
00_00_00_0067,-0.092730,0.057371,4.144794,2,-0.089590,0.369675,4.135065,2,-0.086422,0.675639,4.111790,2,-0.085927,0.808402,4.098653,2,-0.265279,0.570250,4.107394,2,-0.344534,0.314643,4.103195,2,-0.385687,0.097701,4.104214,2,-0.400303,0.040490,4.115336,2,0.082120,0.574417,4.127390,2,0.148973,0.361855,4.093042,2,0.000895,0.447816,3.900889,1,-0.001951,0.457300,3.878215,1,-0.169033,0.057830,4.107730,2,-0.227625,-0.298588,4.035893,2,-0.259325,-0.642357,4.179311,2,-0.296540,-0.720933,4.126943,2,-0.014741,0.055946,4.105945,2,-0.002924,-0.294951,4.164028,2,-0.022888,-0.624212,4.240528,2,0.003091,-0.705390,4.176757,2,-0.087239,0.600065,4.120054,2,-0.425630,-0.022517,4.117283,2,-0.363516,0.037006,4.108834,2,-0.008707,0.470479,3.846754,2,0.022702,0.465843,3.848000,2,
00_00_00_0068,-0.091948,0.056168,4.138754,2,-0.086810,0.366551,4.122033,2,-0.080641,0.669886,4.090375,2,-0.080955,0.804170,4.077072,2,-0.259613,0.567130,4.089338,2,-0.343177,0.303882,4.111261,2,-0.384434,0.087285,4.116292,2,-0.390781,0.050769,4.128435,2,0.087890,0.574494,4.116691,2,0.149183,0.360112,4.083929,2,0.029253,0.430278,3.897832,1,-0.002266,0.438416,3.878623,2,-0.168261,0.056959,4.102249,2,-0.226725,-0.282666,3.995280,2,-0.228094,-0.635016,4.118493,2,-0.278041,-0.700639,4.048504,2,-0.013965,0.054383,4.099422,2,-0.002385,-0.292911,4.161651,2,-0.022943,-0.624048,4.240758,2,0.003236,-0.705154,4.176895,2,-0.082298,0.595032,4.100840,2,-0.393920,0.004518,4.125793,2,-0.355604,0.048813,4.114091,2,0.001742,0.460711,3.794755,2,0.035202,0.440124,3.848600,2,
00_00_00_0069,-0.089550,0.057233,4.132189,2,-0.084576,0.368535,4.111168,2,-0.079468,0.673194,4.076576,2,-0.077319,0.804040,4.058588,2,-0.259135,0.567913,4.082115,2,-0.342845,0.297365,4.117836,2,-0.377875,0.081150,4.135887,2,-0.387239,0.046592,4.153679,2,0.090295,0.577836,4.101943,2,0.150847,0.361126,4.072425,2,0.026398,0.431849,3.890958,1,0.001047,0.435292,3.877690,2,-0.166013,0.058149,4.096952,2,-0.225317,-0.281021,3.981255,2,-0.219743,-0.631638,4.067708,2,-0.250926,-0.707489,3.997185,2,-0.011467,0.055245,4.091491,2,0.000109,-0.291668,4.159834,2,-0.022865,-0.623849,4.240685,2,0.004251,-0.704324,4.175697,2,-0.080785,0.597975,4.087639,2,-0.404432,-0.019906,4.157290,2,-0.350118,0.049179,4.145182,2,-0.029398,0.441076,3.825014,2,0.020712,0.452090,3.808667,2,
00_00_00_0070,-0.086029,0.058429,4.114564,2,-0.082703,0.368434,4.088015,2,-0.079678,0.671696,4.048443,2,-0.077893,0.801070,4.041235,2,-0.257457,0.573446,4.069975,2,-0.343211,0.295446,4.121456,2,-0.373380,0.080357,4.150628,2,-0.379776,0.054236,4.170769,2,0.091666,0.577293,4.092420,2,0.149659,0.359417,4.046922,2,0.054367,0.415503,3.915151,2,-0.005259,0.438688,3.883976,2,-0.163139,0.059695,4.081886,2,-0.217513,-0.279139,3.951821,2,-0.207822,-0.628271,4.009107,2,-0.237797,-0.705201,3.940065,2,-0.007300,0.056003,4.071325,2,0.001631,-0.290479,4.153787,2,-0.020250,-0.625415,4.238217,2,0.005262,-0.706788,4.174521,2,-0.080438,0.596835,4.060742,2,-0.397716,-0.007536,4.181592,2,-0.340787,0.063517,4.151100,2,-0.015611,0.445938,3.829761,2,0.025572,0.430129,3.815400,2,
00_00_00_0071,-0.082890,0.057218,4.104434,2,-0.080671,0.366952,4.080531,2,-0.078388,0.670245,4.043478,2,-0.078940,0.793775,4.015312,2,-0.257175,0.572073,4.057416,2,-0.341124,0.296489,4.121713,2,-0.363579,0.082164,4.159086,2,-0.364418,0.048760,4.177979,2,0.091783,0.579867,4.080730,2,0.147163,0.359465,4.026754,2,0.018404,0.427103,3.849646,2,-0.000905,0.432240,3.846438,2,-0.159158,0.058550,4.071696,2,-0.208969,-0.288743,3.935062,2,-0.202180,-0.641654,3.952432,2,-0.233066,-0.711708,3.870556,2,-0.005052,0.054789,4.061368,2,0.002074,-0.296724,4.149547,2,-0.019071,-0.627594,4.235410,2,0.004845,-0.709979,4.173629,2,-0.078989,0.595354,4.055173,2,-0.375655,-0.025907,4.213798,2,-0.332117,0.053619,4.169500,2,-0.026921,0.438228,3.797761,2,-0.042060,0.402599,3.900714,2,
00_00_00_0072,-0.078724,0.054563,4.089598,2,-0.076701,0.361901,4.056142,2,-0.075060,0.662249,4.008041,2,-0.081515,0.792700,3.997205,2,-0.255418,0.571543,4.036910,2,-0.337066,0.300378,4.120716,2,-0.343630,0.079450,4.165922,2,-0.348660,0.045173,4.181952,2,0.093992,0.571252,4.029457,2,0.150636,0.355081,4.017635,2,0.026142,0.424849,3.838196,2,-0.005058,0.424853,3.843212,2,-0.156052,0.056206,4.059683,2,-0.197534,-0.298949,3.910270,2,-0.212313,-0.647167,3.889902,2,-0.225989,-0.714500,3.796238,2,0.000209,0.051896,4.043487,2,0.002554,-0.297897,4.147033,2,-0.017927,-0.626558,4.232491,2,0.006065,-0.709509,4.172800,2,-0.075462,0.588140,4.022594,2,-0.355860,-0.003001,4.183053,2,-0.320058,0.047684,4.149143,2,-0.033231,0.428803,3.785164,2,-0.026179,0.476840,3.869833,2,
00_00_00_0073,-0.074674,0.047767,4.071390,2,-0.075244,0.356307,4.036992,2,-0.075768,0.658470,3.990250,2,-0.088726,0.783219,3.967473,2,-0.255232,0.561263,3.999140,2,-0.330073,0.300195,4.110223,2,-0.340359,0.076818,4.161525,2,-0.343171,0.044825,4.171595,2,0.088666,0.565341,4.008586,2,0.160584,0.354261,4.005248,2,0.029777,0.409030,3.824924,2,-0.004789,0.419875,3.823081,2,-0.152188,0.048691,4.038259,2,-0.196320,-0.307344,3.881682,2,-0.214565,-0.644805,3.823480,2,-0.220142,-0.712406,3.728610,2,0.004193,0.045962,4.028523,2,0.005211,-0.302239,4.131032,2,-0.017946,-0.626550,4.231062,2,0.006372,-0.709635,4.172125,2,-0.075684,0.583874,4.004294,2,-0.338941,-0.008679,4.183807,2,-0.318682,0.055319,4.127200,2,-0.034123,0.424832,3.772640,2,-0.006349,0.481839,3.844889,2,
00_00_00_0074,-0.075844,0.043486,4.055398,2,-0.077635,0.350296,4.015191,2,-0.079501,0.650441,3.961492,2,-0.094532,0.774846,3.938859,2,-0.256063,0.559459,3.990479,2,-0.320058,0.304787,4.069908,2,-0.336311,0.077741,4.135886,2,-0.334148,0.046110,4.155941,2,0.083792,0.559129,3.981930,2,0.151052,0.346028,3.963600,2,0.045288,0.390159,3.827384,2,-0.006706,0.411473,3.797545,2,-0.153127,0.044826,4.024836,2,-0.197447,-0.313787,3.849516,2,-0.210036,-0.644899,3.764871,2,-0.222258,-0.707617,3.665543,2,0.002835,0.041365,4.010039,2,0.006252,-0.306538,4.122530,2,-0.017533,-0.629187,4.226078,2,0.008978,-0.712672,4.171660,2,-0.079062,0.576364,3.977371,2,-0.331748,-0.002988,4.164809,2,-0.321511,0.043276,4.125134,2,-0.038957,0.409033,3.745103,2,-0.030570,0.408649,3.835578,2,
00_00_00_0075,-0.071552,0.037034,4.029098,2,-0.078608,0.344382,3.992462,2,-0.084708,0.645192,3.942459,2,-0.101343,0.768992,3.909596,2,-0.261265,0.554556,3.969631,2,-0.317535,0.304559,4.060378,2,-0.327155,0.092833,4.111267,2,-0.331553,0.060151,4.138892,1,0.084784,0.551207,3.959485,2,0.149461,0.337323,3.944356,2,-0.001204,0.405275,3.753204,2,-0.011462,0.398136,3.763965,2,-0.149052,0.038138,3.999052,2,-0.198426,-0.311573,3.825044,2,-0.203652,-0.620818,3.719977,2,-0.216187,-0.693359,3.609375,2,0.007278,0.035272,3.983456,2,0.007644,-0.313077,4.113729,2,-0.018554,-0.629920,4.223851,2,0.008311,-0.713428,4.170122,2,-0.083291,0.570940,3.957414,2,-0.330431,0.008289,4.148309,2,-0.318744,0.070412,4.099000,2,-0.048759,0.398468,3.717523,2,-0.044805,0.364706,3.812500,2,
00_00_00_0076,-0.070828,0.027925,4.006120,2,-0.081307,0.332416,3.961782,2,-0.092175,0.630306,3.904049,2,-0.110791,0.757613,3.875804,2,-0.268977,0.541233,3.934923,2,-0.318679,0.290420,4.045154,2,-0.329492,0.082202,4.106193,1,-0.326590,0.052792,4.100036,1,0.079888,0.543480,3.927266,2,0.139486,0.328550,3.895947,2,-0.004955,0.388632,3.718600,2,-0.011710,0.393126,3.734208,2,-0.148179,0.027349,3.970882,2,-0.195798,-0.310557,3.799238,2,-0.198557,-0.621282,3.685950,2,-0.221069,-0.691895,3.556641,2,0.007875,0.027815,3.965060,2,0.008690,-0.310577,4.096132,2,-0.018309,-0.629588,4.221159,2,0.008707,-0.713580,4.170444,2,-0.089453,0.556776,3.920902,2,-0.324664,0.019213,4.075809,2,-0.318156,0.030193,4.063334,2,-0.050859,0.387737,3.687275,2,-0.032322,0.430250,3.768000,2,
00_00_00_0077,-0.073358,0.021247,3.974576,2,-0.087825,0.325453,3.930897,2,-0.101786,0.623370,3.874874,2,-0.119733,0.748086,3.840461,2,-0.274629,0.536288,3.910139,2,-0.316907,0.275830,4.010943,2,-0.329129,0.068152,4.073049,1,-0.323524,0.043592,4.053949,1,0.071343,0.540862,3.893584,2,0.140516,0.329022,3.891185,2,-0.005149,0.376407,3.697547,2,-0.023873,0.371541,3.722072,2,-0.151204,0.022836,3.946874,2,-0.194287,-0.307971,3.776670,2,-0.202196,-0.617633,3.650044,2,-0.203114,-0.665677,3.516707,2,0.006161,0.018968,3.925883,2,0.009243,-0.313438,4.076175,2,-0.018836,-0.628200,4.215431,2,0.000248,-0.714517,4.166899,2,-0.098383,0.549814,3.891237,2,-0.326626,0.024493,4.031807,2,-0.321629,0.037113,4.015000,2,-0.047919,0.372567,3.652780,2,-0.023560,0.429214,3.733000,2,
00_00_00_0078,-0.073254,0.013949,3.955509,2,-0.089283,0.316065,3.903206,2,-0.105277,0.611585,3.836490,2,-0.130213,0.741643,3.808578,2,-0.287968,0.519866,3.880177,2,-0.324230,0.270608,3.979849,2,-0.336651,0.062813,4.041415,1,-0.319798,0.040738,4.014694,1,0.066685,0.535086,3.863942,2,0.136130,0.323171,3.858413,2,-0.009751,0.371651,3.664291,2,-0.028238,0.370080,3.663662,1,-0.150858,0.011889,3.925543,2,-0.191133,-0.317524,3.745957,2,-0.199676,-0.622844,3.621348,2,-0.216172,-0.702339,3.492143,2,0.005910,0.015175,3.909486,2,0.009374,-0.321173,4.063586,2,-0.017976,-0.628693,4.208340,2,0.007255,-0.714107,4.166568,2,-0.101324,0.538655,3.855714,2,-0.324844,0.018902,4.009807,2,-0.313875,0.040445,3.985667,2,-0.035392,0.374383,3.630779,2,-0.056228,0.386358,3.665546,2,
00_00_00_0079,-0.078801,0.006885,3.914356,2,-0.098592,0.309346,3.862830,2,-0.117298,0.605667,3.799882,2,-0.147082,0.728708,3.758863,2,-0.294815,0.513573,3.836707,2,-0.324776,0.265034,3.936009,2,-0.337156,0.057405,3.997893,1,-0.325793,0.036993,3.979890,1,0.055362,0.526624,3.812696,2,0.133167,0.314225,3.811014,2,-0.008985,0.342870,3.624300,2,-0.017333,0.353677,3.649664,2,-0.157046,0.006501,3.887786,2,-0.189616,-0.312258,3.723664,2,-0.196952,-0.632087,3.608666,2,-0.211158,-0.705075,3.490883,2,0.001095,0.007039,3.865257,2,0.009016,-0.323647,4.042838,2,-0.018331,-0.629013,4.200748,2,0.008428,-0.714079,4.167300,2,-0.112787,0.532501,3.817897,2,-0.327065,0.007934,3.970806,2,-0.313652,0.046532,3.951000,2,-0.025579,0.360303,3.573982,2,-0.039159,0.389962,3.670600,2,
00_00_00_0080,-0.084837,0.003336,3.897635,2,-0.113995,0.303338,3.828786,2,-0.142936,0.597553,3.748104,2,-0.162242,0.724397,3.715966,2,-0.305059,0.504388,3.796457,2,-0.334398,0.258896,3.892717,2,-0.346774,0.051192,3.954280,1,-0.333921,0.028388,3.924670,1,0.049433,0.522123,3.784246,2,0.119410,0.297284,3.776997,2,-0.011277,0.351027,3.571230,2,-0.034271,0.339770,3.575247,1,-0.163441,0.002397,3.867827,2,-0.190169,-0.305049,3.699483,2,-0.192100,-0.635683,3.599491,2,-0.201619,-0.702829,3.499541,2,-0.004534,0.004108,3.851379,2,0.006309,-0.325434,4.023502,2,-0.019179,-0.630486,4.195516,2,0.013360,-0.713644,4.161770,2,-0.136431,0.524702,3.769347,2,-0.328186,-0.002812,3.919804,2,-0.323884,0.033157,3.893600,2,-0.017519,0.361099,3.524780,2,-0.061334,0.336405,3.566875,2,
00_00_00_0081,-0.099464,-0.005605,3.851928,2,-0.122561,0.297010,3.788292,2,-0.145761,0.592909,3.710785,2,-0.176537,0.717450,3.676116,2,-0.313423,0.491319,3.742250,2,-0.344604,0.247484,3.839451,2,-0.337074,0.012745,3.889616,1,-0.334551,-0.018319,3.870382,1,0.035960,0.518376,3.726754,2,0.116257,0.298161,3.743268,2,-0.015215,0.342042,3.560676,2,-0.033652,0.343347,3.584285,2,-0.177769,-0.004928,3.824914,2,-0.198592,-0.302404,3.644685,2,-0.192372,-0.647990,3.580754,2,-0.201334,-0.718769,3.491382,2,-0.018941,-0.006086,3.803878,2,0.005086,-0.323296,3.990043,2,-0.017964,-0.631552,4.191072,2,0.007172,-0.717101,4.156501,2,-0.140000,0.520017,3.733594,2,-0.330311,-0.051699,3.861801,2,-0.327410,0.001415,3.836000,2,-0.031662,0.339344,3.497787,2,-0.040067,0.399654,3.598273,2,
00_00_00_0082,-0.102959,-0.006308,3.825343,2,-0.131062,0.294030,3.745043,2,-0.158014,0.587865,3.656282,2,-0.191967,0.712157,3.621037,2,-0.323034,0.484499,3.703673,2,-0.352050,0.247890,3.780843,2,-0.346197,-0.003409,3.831014,1,-0.342262,-0.041532,3.806623,1,0.017457,0.518981,3.674006,2,0.103514,0.300369,3.677428,2,-0.044697,0.309609,3.503089,2,-0.040320,0.329060,3.538172,2,-0.180748,-0.006494,3.797021,2,-0.204464,-0.296388,3.610082,2,-0.198413,-0.655455,3.564102,2,-0.201537,-0.708471,3.434225,2,-0.023109,-0.006012,3.777542,2,0.004626,-0.319435,3.946718,2,-0.004866,-0.628955,4.180743,2,0.017935,-0.714193,4.157348,2,-0.151570,0.515303,3.680143,2,-0.339496,-0.088039,3.808294,2,-0.335480,-0.019474,3.773546,2,-0.026535,0.337224,3.451536,2,-0.036950,0.387005,3.554375,2,
00_00_00_0083,-0.108186,-0.002655,3.785115,2,-0.138474,0.294707,3.707908,2,-0.168514,0.585675,3.614629,2,-0.204911,0.714731,3.571131,2,-0.336411,0.480524,3.660366,2,-0.362954,0.250640,3.720277,2,-0.364823,0.033318,3.748236,2,-0.358980,-0.002190,3.737590,1,0.010221,0.526245,3.638975,2,0.093443,0.315185,3.640160,2,-0.049486,0.358133,3.466706,2,-0.042964,0.318822,3.469182,2,-0.184582,-0.004396,3.759808,2,-0.207074,-0.295581,3.592058,2,-0.198947,-0.660071,3.559755,2,-0.199074,-0.713076,3.429784,2,-0.029664,-0.000779,3.734828,2,0.008123,-0.321356,3.900378,2,-0.000145,-0.617835,4.153964,2,0.019777,-0.700082,4.146408,2,-0.161002,0.513932,3.640926,2,-0.344348,-0.094296,3.748790,2,-0.326744,0.024157,3.702667,2,-0.049677,0.323257,3.427956,2,-0.023893,0.333467,3.413125,2,
00_00_00_0084,-0.112089,0.004221,3.736108,2,-0.145731,0.302589,3.659773,2,-0.177559,0.593864,3.573692,2,-0.210621,0.716831,3.518301,2,-0.346306,0.492810,3.611296,2,-0.362874,0.200219,3.663132,2,-0.367083,-0.020019,3.667722,2,-0.360131,-0.073730,3.677569,1,-0.002607,0.527097,3.588025,2,0.079648,0.320392,3.591927,2,-0.061222,0.312163,3.411166,2,-0.057580,0.319166,3.420273,1,-0.187660,0.001621,3.709917,2,-0.210324,-0.296418,3.579038,2,-0.199507,-0.658755,3.558632,2,-0.200890,-0.711213,3.428316,2,-0.034210,0.006704,3.686723,2,0.015874,-0.323973,3.830297,2,-0.000192,-0.601403,4.103113,2,0.032942,-0.684798,4.110873,2,-0.169920,0.522127,3.597126,2,-0.362484,-0.147467,3.697204,2,-0.331514,-0.079676,3.644833,2,-0.077177,0.312517,3.411791,2,-0.032092,0.330965,3.379667,2,
00_00_00_0085,-0.125765,0.009738,3.684886,2,-0.152863,0.308908,3.612118,2,-0.179064,0.601462,3.526332,2,-0.216384,0.725435,3.483239,2,-0.354279,0.492463,3.576773,2,-0.374415,0.203610,3.605044,2,-0.382054,-0.017195,3.594910,2,-0.377728,-0.055890,3.599809,2,-0.004872,0.531262,3.560091,2,0.077173,0.324222,3.576490,2,-0.042473,0.327544,3.380204,2,-0.053212,0.320969,3.389273,1,-0.202600,0.007867,3.655158,2,-0.208285,-0.300683,3.565685,2,-0.199536,-0.659767,3.557442,2,-0.198904,-0.711718,3.426739,2,-0.046207,0.011359,3.639390,2,0.010885,-0.312933,3.748271,2,0.006304,-0.565792,4.043231,2,0.029846,-0.658203,4.050781,2,-0.172658,0.529236,3.550636,2,-0.392887,-0.134109,3.615962,2,-0.336309,-0.054010,3.593545,2,-0.047000,0.325194,3.351787,2,-0.027979,0.330521,3.348125,2,
00_00_00_0086,-0.128577,0.022129,3.643554,2,-0.156352,0.318025,3.577944,2,-0.182824,0.607601,3.499252,2,-0.214526,0.737201,3.439200,2,-0.355115,0.509858,3.519410,2,-0.384596,0.229179,3.540555,2,-0.401301,0.009626,3.509262,2,-0.406425,-0.037105,3.512005,2,-0.006740,0.549033,3.523718,2,0.068928,0.324585,3.543971,2,-0.054260,0.331781,3.350140,2,-0.057370,0.332251,3.352984,1,-0.205495,0.016755,3.616513,2,-0.208393,-0.297989,3.554148,2,-0.198211,-0.655016,3.556311,2,-0.191945,-0.705597,3.424799,2,-0.048987,0.027501,3.594202,2,0.014267,-0.292734,3.668207,2,-0.006791,-0.566032,3.944765,2,-0.002484,-0.618047,3.812962,2,-0.176445,0.536226,3.521101,2,-0.416773,-0.111430,3.519950,2,-0.366413,-0.064671,3.521333,2,-0.066253,0.322966,3.328785,2,-0.038965,0.351450,3.313667,2,
00_00_00_0087,-0.130073,0.030862,3.606831,2,-0.159533,0.329696,3.536680,2,-0.187960,0.621811,3.454176,2,-0.208175,0.746280,3.410822,2,-0.359390,0.517979,3.487660,2,-0.394534,0.246491,3.478020,2,-0.419339,0.030511,3.426199,2,-0.424683,-0.020989,3.415642,2,-0.005942,0.552656,3.498421,2,0.066852,0.329906,3.519486,2,-0.037859,0.342101,3.314890,2,-0.053564,0.340093,3.320032,1,-0.206761,0.026243,3.565769,2,-0.210454,-0.302584,3.542830,2,-0.196228,-0.652096,3.555118,2,-0.188316,-0.703172,3.423972,2,-0.050446,0.034392,3.571238,2,0.009127,-0.299241,3.601788,2,-0.024757,-0.569089,3.880322,2,0.010529,-0.666016,3.865234,2,-0.181012,0.549729,3.477337,2,-0.426069,-0.090779,3.425909,2,-0.393880,-0.053641,3.428250,2,-0.034013,0.348366,3.270774,2,-0.023381,0.346510,3.278600,2,
00_00_00_0088,-0.132008,0.036598,3.559521,2,-0.157285,0.335325,3.500354,2,-0.182469,0.627061,3.426698,2,-0.199910,0.757577,3.366133,2,-0.358475,0.526424,3.431433,2,-0.405471,0.280597,3.409607,2,-0.433451,0.072696,3.327937,2,-0.434711,0.002567,3.311984,2,-0.003949,0.553794,3.470285,2,0.076383,0.341538,3.505579,2,-0.069814,0.346470,3.245032,1,-0.024846,0.353139,3.233328,1,-0.207771,0.029548,3.525046,2,-0.212864,-0.307534,3.527295,2,-0.195918,-0.650101,3.553506,2,-0.180698,-0.699216,3.421890,2,-0.053419,0.042794,3.520312,2,0.018693,-0.291161,3.525618,2,-0.024318,-0.594058,3.768837,2,0.021698,-0.678223,3.742188,2,-0.176243,0.555168,3.447527,2,-0.447370,-0.053695,3.309012,2,-0.403726,-0.028640,3.333200,2,-0.024741,0.356023,3.219768,2,0.005132,0.359393,3.191910,1,
00_00_00_0089,-0.134633,0.039120,3.529392,2,-0.159963,0.340766,3.463956,2,-0.184131,0.635418,3.386910,2,-0.191056,0.763915,3.334416,2,-0.355557,0.536699,3.396290,2,-0.415919,0.301140,3.343153,2,-0.440898,0.105033,3.232435,2,-0.445815,0.037028,3.204122,2,-0.004180,0.564256,3.435905,2,0.084905,0.366291,3.471812,2,-0.071997,0.372236,3.220278,1,-0.063839,0.348145,3.239328,1,-0.209801,0.031550,3.487574,2,-0.215053,-0.309920,3.516037,2,-0.194834,-0.648597,3.553201,2,-0.179268,-0.698390,3.422013,2,-0.056578,0.045846,3.493809,2,0.018713,-0.284803,3.457259,2,-0.023575,-0.610562,3.671356,2,0.025793,-0.684817,3.626241,2,-0.178273,0.562796,3.408491,2,-0.461524,-0.021854,3.200294,2,-0.409968,0.030336,3.209000,2,-0.059720,0.347400,3.220770,2,-0.053800,0.340967,3.215000,2,
00_00_00_0090,-0.140149,0.040181,3.475674,2,-0.162648,0.344427,3.421096,2,-0.184403,0.640622,3.355234,2,-0.178618,0.765207,3.296795,2,-0.348022,0.538030,3.347902,2,-0.421671,0.327116,3.286463,2,-0.446798,0.143343,3.154556,2,-0.452023,0.081591,3.103019,2,-0.000448,0.569483,3.415004,2,0.066947,0.350180,3.432204,2,-0.020691,0.340248,3.219158,2,-0.035460,0.350679,3.218671,1,-0.215073,0.031906,3.434279,2,-0.215299,-0.313927,3.504157,2,-0.193234,-0.650097,3.552507,2,-0.198652,-0.734371,3.491308,2,-0.062172,0.047581,3.441362,2,0.012216,-0.294791,3.390834,2,-0.005253,-0.630969,3.553949,2,0.036609,-0.706576,3.496170,2,-0.179084,0.567700,3.374242,2,-0.460977,0.016840,3.075699,2,-0.422591,0.056504,3.092091,2,-0.015752,0.359081,3.169764,2,-0.003703,0.357335,3.169600,2,
00_00_00_0091,-0.142781,0.036987,3.443664,2,-0.161331,0.340644,3.387511,2,-0.178504,0.636641,3.317520,2,-0.164019,0.764717,3.259342,2,-0.338096,0.539663,3.298546,2,-0.418047,0.336365,3.235283,2,-0.447382,0.175609,3.075185,2,-0.457632,0.114543,3.020324,2,0.002113,0.565529,3.379428,2,0.062021,0.345418,3.389621,2,-0.033343,0.336016,3.180046,2,-0.026791,0.348801,3.183660,1,-0.217201,0.029296,3.396084,2,-0.217318,-0.310795,3.481619,2,-0.190675,-0.649390,3.548791,2,-0.201311,-0.734264,3.492317,2,-0.065118,0.043995,3.414942,2,0.013234,-0.304803,3.312687,2,0.015754,-0.640588,3.421074,2,0.047574,-0.711991,3.342313,2,-0.174407,0.563718,3.337281,2,-0.470456,0.059345,2.994577,2,-0.426100,0.101128,3.003867,2,0.005716,0.365056,3.147260,2,0.012796,0.358198,3.137000,2,
00_00_00_0092,-0.141624,0.023039,3.392580,2,-0.155215,0.330371,3.341131,2,-0.168868,0.630529,3.279896,2,-0.149191,0.754712,3.222912,2,-0.329908,0.533812,3.257032,2,-0.422909,0.340560,3.178581,2,-0.453098,0.199366,3.000232,2,-0.461360,0.141566,2.950043,2,0.011755,0.553008,3.355345,2,0.067021,0.307085,3.347325,2,-0.028799,0.333825,3.139676,2,-0.024322,0.348809,3.149324,1,-0.216502,0.015948,3.346242,2,-0.218542,-0.318021,3.466180,2,-0.187848,-0.654876,3.541679,2,-0.204711,-0.739825,3.491730,2,-0.063592,0.029614,3.363209,2,0.011914,-0.315055,3.248211,2,0.026800,-0.655669,3.284271,2,0.065979,-0.717773,3.183594,2,-0.165560,0.556672,3.297750,2,-0.476256,0.090474,2.921051,2,-0.429497,0.132546,2.929353,2,0.018297,0.360474,3.107760,2,0.022494,0.351687,3.104500,2,
00_00_00_0093,-0.144536,0.014571,3.350336,2,-0.152693,0.322152,3.305983,2,-0.160452,0.621521,3.245944,2,-0.132264,0.747966,3.188322,2,-0.319684,0.528028,3.208967,2,-0.427933,0.345206,3.124570,2,-0.449001,0.209121,2.940674,2,-0.462099,0.165075,2.881462,2,0.019003,0.535973,3.320995,2,0.071136,0.305862,3.341338,2,-0.052654,0.324185,3.060166,1,-0.056810,0.282892,3.009727,1,-0.218827,0.008376,3.297411,2,-0.221448,-0.329185,3.440253,2,-0.188478,-0.659853,3.535689,2,-0.208438,-0.744684,3.490984,2,-0.066900,0.020599,3.326989,2,0.009500,-0.322099,3.179831,2,0.054553,-0.639698,3.139707,2,0.076416,-0.703613,3.029297,2,-0.158626,0.547775,3.263251,2,-0.473440,0.118314,2.841903,2,-0.460574,0.129801,2.877222,2,-0.014066,0.294734,2.968150,1,-0.009722,0.286174,2.964865,1,
00_00_00_0094,-0.149105,0.000497,3.308611,2,-0.150739,0.307430,3.256778,2,-0.151416,0.607653,3.195032,2,-0.117696,0.734777,3.146360,2,-0.311633,0.523009,3.173706,2,-0.418269,0.357829,3.052391,2,-0.450543,0.217046,2.874009,2,-0.460893,0.183616,2.821958,2,0.026761,0.522366,3.280266,2,0.076611,0.270144,3.255553,2,-0.054145,0.290580,2.983338,1,-0.058302,0.249285,2.932909,1,-0.222261,-0.001677,3.261995,2,-0.217511,-0.335248,3.407822,2,-0.189548,-0.663241,3.527812,2,-0.213423,-0.747366,3.493496,2,-0.072570,0.002498,3.279911,2,0.010968,-0.344270,3.117284,2,0.060509,-0.645427,3.014630,2,0.089417,-0.700195,2.896484,2,-0.151365,0.533711,3.212815,2,-0.468550,0.132431,2.786746,2,-0.484991,0.159080,2.803818,2,-0.015542,0.261222,2.891325,1,-0.011190,0.252785,2.888029,1,
00_00_00_0095,-0.146911,-0.012124,3.258072,2,-0.146904,0.297913,3.214434,2,-0.146389,0.599871,3.157038,2,-0.099984,0.721013,3.101938,2,-0.298912,0.509866,3.122803,2,-0.413040,0.336316,3.025248,2,-0.445730,0.238106,2.819408,2,-0.455699,0.194541,2.764645,2,0.031024,0.511124,3.240064,2,0.076222,0.244191,3.284878,2,-0.054521,0.264713,3.012659,1,-0.125650,0.227718,3.063567,1,-0.221815,-0.014404,3.206756,2,-0.218684,-0.347343,3.383816,2,-0.189384,-0.667505,3.516677,2,-0.209675,-0.752523,3.479441,2,-0.068778,-0.009043,3.235675,2,0.007146,-0.344598,3.069443,2,0.058923,-0.626372,2.930649,2,0.092651,-0.682617,2.796875,2,-0.146617,0.525520,3.173764,2,-0.468890,0.159844,2.723706,2,-0.466022,0.130455,2.765667,2,-0.131112,0.221421,3.049803,2,-0.122478,0.214604,3.041000,2,
00_00_00_0096,-0.144332,-0.021923,3.215180,2,-0.136971,0.287658,3.166104,2,-0.129340,0.590061,3.107159,2,-0.085254,0.712701,3.063256,2,-0.290357,0.502804,3.077574,2,-0.404809,0.332451,2.973942,2,-0.442366,0.227775,2.772331,2,-0.448846,0.199594,2.723733,2,0.044395,0.501875,3.193960,2,0.079223,0.224392,3.191135,2,-0.051571,0.244966,2.918915,1,-0.055728,0.203658,2.868483,1,-0.217272,-0.024415,3.163879,2,-0.215865,-0.361389,3.352067,2,-0.190805,-0.671684,3.506633,2,-0.210761,-0.756366,3.478083,2,-0.067974,-0.019335,3.188854,2,0.006832,-0.357603,3.015677,2,0.058168,-0.633979,2.856368,2,0.098588,-0.698900,2.723657,2,-0.131334,0.515598,3.124245,2,-0.461460,0.164377,2.680995,2,-0.474563,0.149940,2.701250,2,-0.061420,0.197394,2.854710,1,-0.053082,0.190624,2.845894,1,
00_00_00_0097,-0.138680,-0.031117,3.165513,2,-0.127207,0.281272,3.120846,2,-0.114963,0.585328,3.060965,2,-0.065167,0.702979,3.013855,2,-0.274751,0.499371,3.035117,2,-0.399613,0.326232,2.953976,2,-0.418715,0.226352,2.746768,2,-0.436597,0.197829,2.687205,2,0.050380,0.488273,3.130909,2,0.099000,0.218627,3.142298,2,-0.031879,0.239215,2.870088,1,-0.036035,0.197901,2.819656,1,-0.213385,-0.033179,3.119406,2,-0.217095,-0.369548,3.310035,2,-0.193292,-0.670085,3.493714,2,-0.214256,-0.754087,3.469105,2,-0.060860,-0.027880,3.138101,2,0.002695,-0.366137,2.974288,2,0.043400,-0.670657,2.819133,2,0.093668,-0.715152,2.704794,2,-0.118118,0.510467,3.078325,2,-0.449143,0.166647,2.647130,2,-0.439705,0.149464,2.658200,2,-0.041797,0.191645,2.805883,1,-0.033551,0.184886,2.797066,1,
00_00_00_0098,-0.132456,-0.036810,3.113543,2,-0.113419,0.272079,3.070845,2,-0.094293,0.572982,3.015378,2,-0.047411,0.697455,2.970160,2,-0.261328,0.495084,2.992310,2,-0.387428,0.320005,2.918946,2,-0.416930,0.212556,2.717384,2,-0.425681,0.187177,2.667638,2,0.072884,0.474284,3.090795,2,0.092730,0.200100,3.101450,2,0.024708,0.253129,2.866172,1,0.020562,0.211815,2.815740,1,-0.207411,-0.037165,3.066998,2,-0.211048,-0.366824,3.257793,2,-0.195452,-0.667995,3.480031,2,-0.220242,-0.750673,3.457277,2,-0.054288,-0.035560,3.084383,2,0.002097,-0.375409,2.923818,2,0.041199,-0.673149,2.816238,2,0.074599,-0.733734,2.678248,2,-0.099108,0.498913,3.031598,2,-0.441720,0.154731,2.618969,2,-0.430223,0.128535,2.643600,2,0.014587,0.205506,2.801970,1,0.022556,0.198678,2.793156,1,
00_00_00_0099,-0.123833,-0.039300,3.057631,2,-0.103069,0.272793,3.016508,2,-0.082301,0.576669,2.962592,2,-0.026141,0.693234,2.913160,2,-0.244269,0.492766,2.941175,2,-0.365237,0.309248,2.884964,2,-0.412324,0.194550,2.691291,2,-0.414407,0.167441,2.648006,2,0.088634,0.467661,3.035200,2,0.123192,0.188927,3.050505,2,0.034071,0.242951,2.811485,1,0.029925,0.201629,2.761053,1,-0.199365,-0.039714,3.008335,2,-0.215683,-0.370380,3.206983,2,-0.202349,-0.669488,3.456394,2,-0.222591,-0.751011,3.444608,2,-0.045248,-0.037912,3.031221,2,0.010780,-0.391901,2.874934,2,0.038881,-0.680219,2.802819,2,0.070556,-0.736780,2.678401,2,-0.087514,0.501888,2.978420,2,-0.423659,0.130662,2.606854,2,-0.409332,0.125142,2.631556,2,0.023913,0.195343,2.747284,1,0.031833,0.188546,2.738469,1,
00_00_00_0100,-0.115863,-0.038310,3.016231,2,-0.088406,0.271472,2.968566,2,-0.061857,0.572886,2.911796,2,-0.007443,0.692945,2.862276,2,-0.227302,0.491430,2.892345,2,-0.352169,0.306436,2.867352,2,-0.408680,0.179172,2.684869,2,-0.403316,0.136086,2.647841,2,0.104391,0.467305,2.984388,2,0.126183,0.234570,2.995773,2,0.048487,0.239301,2.752888,1,0.044344,0.197983,2.702470,1,-0.190802,-0.037981,2.963728,2,-0.213791,-0.355905,3.121050,2,-0.200336,-0.631632,3.395399,2,-0.170329,-0.679431,3.266337,2,-0.038003,-0.037625,2.992892,2,0.016292,-0.377487,2.841432,2,0.039594,-0.681180,2.791491,2,0.069207,-0.738363,2.680047,2,-0.068484,0.498731,2.928337,2,-0.414005,0.090298,2.607870,2,-0.383798,0.110464,2.648000,2,0.038272,0.191694,2.688702,1,0.046116,0.184894,2.679888,1,
00_00_00_0101,-0.101614,-0.034086,2.960001,2,-0.076239,0.275214,2.918837,2,-0.051493,0.575949,2.866621,2,0.004785,0.692661,2.812362,2,-0.216256,0.493879,2.850558,2,-0.334008,0.284817,2.832878,2,-0.391416,0.121523,2.684083,2,-0.395080,0.102237,2.664479,2,0.114749,0.473674,2.931603,2,0.131434,0.204385,2.890319,2,0.050364,0.252219,2.680009,1,0.023507,0.268475,2.614038,2,-0.177410,-0.033785,2.909035,2,-0.216875,-0.344172,3.025337,2,-0.209389,-0.605778,3.312684,2,-0.181782,-0.652865,3.182382,2,-0.023237,-0.033515,2.935239,2,0.027477,-0.373132,2.796598,2,0.041850,-0.687528,2.782289,2,0.068819,-0.743333,2.681181,2,-0.057606,0.502002,2.881752,2,-0.412926,0.042526,2.635737,2,-0.370471,0.077683,2.664714,2,0.017513,0.261877,2.600296,1,0.025461,0.254674,2.591516,1,
00_00_00_0102,-0.090136,-0.022995,2.910475,2,-0.069091,0.283304,2.871233,2,-0.048092,0.581143,2.818919,2,0.014570,0.698242,2.767059,2,-0.206622,0.500806,2.809937,2,-0.329069,0.278638,2.823468,2,-0.383182,0.093915,2.702896,2,-0.386822,0.066386,2.693824,2,0.128541,0.478386,2.895398,2,0.138855,0.201797,2.887957,2,0.086012,0.262352,2.671845,2,0.068584,0.282849,2.603941,1,-0.167283,-0.020208,2.858490,2,-0.213746,-0.344078,2.943285,2,-0.201601,-0.599485,3.235731,2,-0.173044,-0.646260,3.105555,2,-0.010664,-0.025182,2.886717,2,0.032401,-0.367117,2.778284,2,0.041342,-0.689915,2.777818,2,0.068520,-0.747691,2.680925,2,-0.053363,0.507880,2.834631,2,-0.412627,-0.003187,2.685273,2,-0.352390,0.055123,2.689818,2,0.062407,0.276190,2.590210,1,0.070115,0.268906,2.581442,1,
00_00_00_0103,-0.079445,-0.014433,2.868194,2,-0.058901,0.291213,2.832968,2,-0.038632,0.588121,2.785018,2,0.014467,0.708077,2.722426,2,-0.204907,0.506688,2.779321,2,-0.320327,0.266654,2.798216,2,-0.374130,0.060160,2.727167,2,-0.373823,0.034655,2.735911,2,0.136034,0.495847,2.839670,2,0.153371,0.219543,2.814111,2,0.096515,0.308992,2.609888,2,0.077775,0.339161,2.545936,2,-0.157528,-0.011538,2.817803,2,-0.211481,-0.341995,2.867096,2,-0.185636,-0.609406,3.148433,2,-0.164142,-0.655345,3.016305,2,0.000743,-0.016958,2.842789,2,0.033815,-0.364873,2.766085,2,0.040652,-0.694621,2.771779,2,0.069938,-0.754234,2.678065,2,-0.043621,0.515191,2.799163,2,-0.400974,-0.039227,2.746275,2,-0.337510,0.028733,2.737174,2,0.071554,0.332247,2.532238,1,0.079206,0.324630,2.523511,1,
00_00_00_0104,-0.067755,-0.006183,2.824658,2,-0.048755,0.301618,2.789601,2,-0.029951,0.600473,2.741675,2,0.014991,0.716995,2.683974,2,-0.200407,0.518873,2.736507,2,-0.316049,0.263163,2.789305,2,-0.359211,0.046628,2.758559,2,-0.356490,0.020235,2.770692,2,0.143430,0.501244,2.801696,2,0.166476,0.239725,2.795969,2,0.112560,0.310506,2.583401,2,0.148942,0.312253,2.586135,2,-0.145981,-0.002785,2.779824,2,-0.204124,-0.328736,2.792889,2,-0.162508,-0.616759,3.052640,2,-0.177246,-0.705566,3.039062,2,0.012069,-0.009627,2.793887,2,0.037625,-0.358392,2.749164,2,0.040486,-0.695133,2.771611,2,0.070019,-0.754771,2.678064,2,-0.034665,0.527004,2.756152,2,-0.381518,-0.057788,2.803388,2,-0.320154,0.002381,2.751045,2,0.146732,0.310080,2.554727,2,0.154055,0.298694,2.561000,2,
00_00_00_0105,-0.056725,0.004064,2.791202,2,-0.041853,0.310031,2.757211,2,-0.026857,0.607073,2.710250,2,0.007786,0.728813,2.643008,2,-0.199353,0.527686,2.712233,2,-0.309090,0.261677,2.780613,2,-0.339788,0.043358,2.791250,2,-0.339565,0.013970,2.804140,2,0.147317,0.521028,2.753578,2,0.179782,0.271714,2.731986,2,0.125468,0.326177,2.514537,2,0.123413,0.311388,2.580896,2,-0.134370,0.008138,2.744583,2,-0.189297,-0.333600,2.726468,2,-0.140436,-0.645950,2.957148,2,-0.165017,-0.728141,2.909187,2,0.022501,-0.000067,2.761826,2,0.039693,-0.359292,2.741834,2,0.041373,-0.696169,2.771696,2,0.070233,-0.755654,2.677645,2,-0.030603,0.534127,2.724236,2,-0.351802,-0.030058,2.818243,2,-0.298316,0.007697,2.785125,2,0.136034,0.332409,2.526251,2,0.146433,0.279735,2.572905,2,
00_00_00_0106,-0.046570,0.013636,2.751142,2,-0.034531,0.319397,2.712847,2,-0.022865,0.615832,2.661726,2,0.002740,0.738499,2.602241,2,-0.199683,0.535616,2.674845,2,-0.297680,0.272898,2.770063,2,-0.331005,0.057839,2.799788,2,-0.325215,0.031002,2.826342,2,0.148178,0.534280,2.711301,2,0.184036,0.280695,2.679225,2,0.106583,0.350775,2.474091,2,0.113869,0.335416,2.551798,2,-0.124939,0.017183,2.709476,2,-0.172349,-0.332761,2.658107,2,-0.128240,-0.676219,2.844567,2,-0.159165,-0.749360,2.773813,2,0.033028,0.009651,2.716892,2,0.045729,-0.363023,2.731129,2,0.041859,-0.696019,2.770980,2,0.068459,-0.757732,2.678522,2,-0.025758,0.543048,2.676925,2,-0.325127,-0.025370,2.863428,2,-0.287157,0.006541,2.796000,2,0.153934,0.345393,2.449938,2,0.147428,0.292784,2.539000,2,
00_00_00_0107,-0.030821,0.017059,2.714002,2,-0.028325,0.322825,2.682373,2,-0.023867,0.619221,2.636258,2,-0.006757,0.745628,2.568424,2,-0.203900,0.540546,2.652479,2,-0.287488,0.278565,2.760356,2,-0.309845,0.070284,2.820320,2,-0.312570,0.045427,2.834471,2,0.148728,0.537501,2.669381,2,0.194702,0.290336,2.653928,2,0.120396,0.347839,2.443521,2,0.124376,0.343474,2.486932,2,-0.109475,0.019457,2.673947,2,-0.146172,-0.341110,2.599501,2,-0.116766,-0.695650,2.725208,2,-0.147377,-0.760305,2.639778,2,0.048653,0.014215,2.678281,2,0.052253,-0.364261,2.722674,2,0.041566,-0.696769,2.770878,2,0.067720,-0.759423,2.679415,2,-0.025116,0.546471,2.650223,2,-0.301622,-0.004615,2.861107,2,-0.274152,0.040301,2.795857,2,0.146286,0.358346,2.419926,2,0.129172,0.306298,2.468470,2,
00_00_00_0108,-0.016590,0.017664,2.673362,2,-0.020891,0.324243,2.636753,2,-0.025465,0.621238,2.587835,2,-0.016645,0.747516,2.527735,2,-0.202676,0.545085,2.610574,2,-0.273348,0.289469,2.737808,2,-0.304034,0.089069,2.814661,2,-0.299498,0.057494,2.833772,2,0.146259,0.542367,2.621519,2,0.194408,0.292479,2.579565,2,0.102435,0.375107,2.385900,2,0.122699,0.351064,2.450998,2,-0.095656,0.018818,2.638612,2,-0.129688,-0.348491,2.535021,2,-0.116658,-0.683733,2.590364,2,-0.129069,-0.756516,2.510065,2,0.062903,0.016168,2.631840,2,0.057009,-0.363464,2.702507,2,0.040374,-0.700246,2.767601,2,0.068733,-0.762635,2.676975,2,-0.024320,0.548367,2.602398,2,-0.296082,0.008849,2.867777,2,-0.264922,0.065362,2.792556,2,0.125717,0.373368,2.396200,2,0.104212,0.328394,2.412825,2,
00_00_00_0109,-0.009590,0.014379,2.634461,2,-0.017610,0.320764,2.601796,2,-0.025041,0.617425,2.555815,2,-0.025654,0.744289,2.489650,2,-0.203609,0.540866,2.585676,2,-0.266056,0.288071,2.721272,2,-0.284370,0.088704,2.809658,2,-0.288935,0.072206,2.821227,2,0.144892,0.539233,2.586119,2,0.201795,0.298680,2.541491,2,0.107082,0.376552,2.347101,2,0.123799,0.354748,2.399556,2,-0.088123,0.015115,2.595401,2,-0.110134,-0.365828,2.476373,2,-0.107510,-0.686674,2.461325,2,-0.122314,-0.753418,2.361328,2,0.069172,0.013256,2.597791,2,0.064364,-0.364629,2.688567,2,0.039461,-0.705038,2.760603,2,0.071257,-0.768230,2.673159,2,-0.023243,0.544649,2.569618,2,-0.285990,0.028747,2.834613,2,-0.259528,0.072116,2.780546,2,0.132575,0.374050,2.336099,2,0.136009,0.317232,2.377462,2,
00_00_00_0110,-0.004992,0.006153,2.600197,2,-0.017463,0.312149,2.565274,2,-0.029728,0.608319,2.517531,2,-0.035232,0.737735,2.454128,2,-0.208352,0.533032,2.553385,2,-0.261114,0.282789,2.696518,2,-0.268441,0.058977,2.804720,2,-0.274080,0.041148,2.813550,2,0.148198,0.531114,2.539998,2,0.209779,0.304309,2.518848,2,0.103231,0.376772,2.328644,2,0.115350,0.357851,2.374282,2,-0.083858,0.007019,2.565040,2,-0.103902,-0.379231,2.407945,2,-0.095190,-0.692108,2.340077,2,-0.110718,-0.743164,2.230469,2,0.074031,0.005142,2.559237,2,0.073142,-0.371277,2.675325,2,0.040081,-0.705179,2.755544,2,0.073074,-0.774102,2.678234,2,-0.026698,0.535695,2.531813,2,-0.265914,0.028521,2.811788,2,-0.263981,0.051049,2.791333,2,0.133489,0.373640,2.290425,2,0.116954,0.320718,2.335524,2,
00_00_00_0111,0.002753,-0.006510,2.555227,2,-0.016666,0.300064,2.521302,2,-0.035352,0.596496,2.473874,2,-0.045504,0.724996,2.414693,2,-0.209672,0.520008,2.508915,2,-0.251167,0.265014,2.648362,2,-0.269693,0.080774,2.757122,2,-0.268707,0.057851,2.778308,2,0.145650,0.518037,2.501797,2,0.218821,0.304813,2.462293,2,0.104641,0.367266,2.272821,2,0.118247,0.347977,2.321445,2,-0.075604,-0.006459,2.517363,2,-0.090363,-0.395853,2.353184,2,-0.074417,-0.727058,2.221607,2,-0.110583,-0.722793,2.099917,2,0.081001,-0.006314,2.517515,2,0.077897,-0.383749,2.657287,2,0.041967,-0.704350,2.748351,2,0.072488,-0.776406,2.675367,2,-0.030764,0.523819,2.488063,2,-0.258365,0.024354,2.771623,2,-0.280154,0.073603,2.757100,2,0.099033,0.354791,2.265115,2,0.134660,0.310710,2.295833,2,
00_00_00_0112,0.008923,-0.016111,2.521893,2,-0.014383,0.289442,2.483287,2,-0.037430,0.584984,2.431768,2,-0.055912,0.717818,2.378445,2,-0.211528,0.506195,2.473265,2,-0.254344,0.262721,2.629009,2,-0.256510,0.070918,2.727433,2,-0.262345,0.051769,2.740019,2,0.141602,0.512957,2.463676,2,0.221589,0.295791,2.430489,2,0.154921,0.303808,2.209397,2,0.117756,0.331129,2.267909,2,-0.069599,-0.015514,2.488568,2,-0.082244,-0.404948,2.307715,2,-0.086254,-0.733721,2.125707,2,-0.100044,-0.707757,1.998489,2,0.087174,-0.016250,2.478870,2,0.085870,-0.389410,2.634353,2,0.044730,-0.706368,2.742841,2,0.077289,-0.778092,2.671005,2,-0.031730,0.512540,2.446982,2,-0.262602,0.025411,2.750453,2,-0.266691,0.052309,2.719857,2,0.091300,0.345126,2.224675,2,0.085845,0.367253,2.282900,2,
00_00_00_0113,0.011006,-0.030434,2.468914,2,-0.017578,0.276584,2.434807,2,-0.044645,0.574325,2.391269,2,-0.067507,0.702810,2.331249,2,-0.217098,0.489710,2.431130,2,-0.258821,0.238677,2.576532,1,-0.252749,0.048544,2.677619,2,-0.255368,0.031888,2.690812,1,0.134614,0.495500,2.413562,2,0.224460,0.289035,2.394203,2,0.109250,0.332896,2.199796,2,0.095230,0.332135,2.198191,1,-0.068199,-0.030746,2.436718,2,-0.071053,-0.415466,2.239771,2,-0.054037,-0.675902,2.087458,2,-0.084351,-0.725098,1.957031,2,0.089887,-0.029187,2.425307,2,0.095648,-0.391445,2.591979,2,0.051258,-0.708976,2.731856,2,0.080558,-0.784771,2.667567,2,-0.038075,0.501353,2.404491,2,-0.252771,0.002457,2.688189,2,-0.262795,0.029554,2.676555,2,0.114164,0.345786,2.159324,2,0.058821,0.332325,2.205000,2,
00_00_00_0114,0.019228,-0.043011,2.435891,2,-0.014335,0.265667,2.402673,2,-0.046682,0.563061,2.353527,2,-0.076112,0.694242,2.295724,2,-0.222558,0.475575,2.388248,2,-0.260141,0.248744,2.507262,2,-0.243105,0.015987,2.620066,2,-0.245807,0.001388,2.631927,1,0.132132,0.487662,2.378987,2,0.226170,0.281168,2.364510,2,0.110214,0.302646,2.166534,2,0.088859,0.314842,2.180314,2,-0.059861,-0.043260,2.405143,2,-0.061316,-0.422902,2.194284,2,-0.045402,-0.697613,2.072146,2,-0.068174,-0.746607,1.958465,2,0.097726,-0.041417,2.390794,2,0.098039,-0.397688,2.560190,2,0.054507,-0.709598,2.724463,2,0.085322,-0.783722,2.657179,2,-0.038675,0.490189,2.368208,2,-0.238116,-0.026771,2.621042,2,-0.251769,0.007376,2.616154,2,0.079653,0.326763,2.139482,2,0.047459,0.312984,2.203154,2,
00_00_00_0115,0.024858,-0.052203,2.384737,2,-0.017213,0.256092,2.349814,2,-0.057960,0.553912,2.301867,2,-0.087487,0.684611,2.244189,2,-0.228583,0.465131,2.355521,2,-0.249473,0.196743,2.476827,2,-0.242057,-0.011647,2.551702,2,-0.242207,-0.029087,2.564359,1,0.123041,0.485166,2.327600,2,0.214991,0.270789,2.318517,2,0.103406,0.297676,2.118656,2,0.092983,0.294989,2.160322,2,-0.053866,-0.052620,2.351016,2,-0.054546,-0.430270,2.156966,2,-0.034567,-0.713079,2.058617,2,-0.053349,-0.763973,1.949966,2,0.102707,-0.049964,2.343567,2,0.104797,-0.411131,2.518661,2,0.065669,-0.729992,2.699189,2,0.110707,-0.801830,2.649114,2,-0.047959,0.480950,2.316162,2,-0.229350,-0.064718,2.572791,2,-0.256402,-0.010143,2.550400,2,0.073978,0.306998,2.098913,2,0.087624,0.365142,2.170501,2,
00_00_00_0116,0.022018,-0.055202,2.330548,2,-0.022639,0.253619,2.299268,2,-0.065442,0.551804,2.257226,2,-0.097521,0.681337,2.198967,2,-0.233891,0.457282,2.300162,2,-0.250151,0.198460,2.401846,2,-0.240108,-0.008101,2.469735,2,-0.239421,-0.031176,2.477467,2,0.116021,0.484497,2.293248,2,0.217366,0.276618,2.303706,2,0.112865,0.287058,2.098319,2,0.082820,0.284574,2.118982,2,-0.057219,-0.054981,2.298934,2,-0.058849,-0.413475,2.111360,2,-0.032610,-0.710917,2.047193,2,-0.048209,-0.768580,1.949688,2,0.100556,-0.053627,2.286366,2,0.109425,-0.403708,2.478062,2,0.076488,-0.730002,2.658383,1,0.075418,-0.772728,2.524586,1,-0.054998,0.478775,2.269883,2,-0.222600,-0.098413,2.497285,2,-0.258658,-0.023311,2.479200,2,0.093436,0.307480,2.030780,2,0.072071,0.352011,2.139850,2,
00_00_00_0117,0.022671,-0.052864,2.296704,2,-0.024364,0.254756,2.265485,2,-0.070017,0.551499,2.219394,2,-0.106737,0.680408,2.159434,2,-0.236359,0.452769,2.255884,2,-0.253727,0.200898,2.337366,2,-0.237661,-0.034502,2.379813,2,-0.235976,-0.074493,2.397474,2,0.105269,0.482625,2.235736,2,0.199666,0.275736,2.239639,2,0.091664,0.285391,2.036087,2,0.070530,0.286615,2.075057,2,-0.056340,-0.055904,2.270304,2,-0.056088,-0.410099,2.076466,2,-0.033523,-0.711840,2.044763,2,-0.043698,-0.772446,1.950279,2,0.100910,-0.047496,2.246574,2,0.118224,-0.412322,2.415320,2,0.078493,-0.727865,2.660563,2,0.073488,-0.771192,2.527124,1,-0.058786,0.478873,2.233373,2,-0.224099,-0.134983,2.419770,2,-0.260145,-0.052448,2.386167,2,0.062971,0.295333,2.008571,2,0.036065,0.253530,2.097512,2,
00_00_00_0118,0.014039,-0.048858,2.234364,2,-0.030677,0.258571,2.208121,2,-0.073800,0.554758,2.168829,2,-0.115948,0.686185,2.113056,2,-0.241650,0.452019,2.213922,2,-0.259556,0.200498,2.267022,2,-0.248348,-0.019492,2.284869,2,-0.242049,-0.068525,2.293093,2,0.102492,0.485679,2.191555,2,0.198331,0.280761,2.221774,2,0.098041,0.287636,2.013452,2,0.064259,0.292911,2.035513,2,-0.065038,-0.054500,2.207907,2,-0.057065,-0.397755,2.037947,2,-0.035754,-0.716617,2.035802,2,-0.041333,-0.780879,1.945579,2,0.092674,-0.041555,2.185009,2,0.133643,-0.395692,2.325783,2,0.085772,-0.675766,2.591965,2,0.079873,-0.718834,2.458070,2,-0.063242,0.482296,2.180940,2,-0.231127,-0.142862,2.312255,2,-0.268253,-0.065268,2.278909,2,0.075466,0.304173,1.947174,2,0.012207,0.289686,2.023111,2,
00_00_00_0119,0.002826,-0.044660,2.199361,2,-0.036306,0.262021,2.178590,2,-0.074888,0.557409,2.143910,2,-0.117713,0.688208,2.086768,2,-0.245317,0.450342,2.173690,2,-0.259940,0.189431,2.196700,2,-0.252945,-0.032850,2.186453,2,-0.242284,-0.087079,2.185369,2,0.104972,0.493904,2.171820,2,0.201425,0.291002,2.176992,2,0.087070,0.295978,1.976834,2,0.060973,0.297491,2.003759,2,-0.077376,-0.051223,2.170322,2,-0.056498,-0.393986,2.025110,2,-0.038199,-0.725153,2.024945,2,-0.041180,-0.792245,1.938944,2,0.082890,-0.036619,2.152452,2,0.088146,-0.372559,2.175422,2,0.086794,-0.630215,2.465722,2,0.086687,-0.672445,2.331125,2,-0.065377,0.485153,2.154946,2,-0.237538,-0.161037,2.194678,2,-0.273569,-0.069874,2.167154,2,0.050443,0.304400,1.927264,2,0.051485,0.231897,2.026000,2,
00_00_00_0120,-0.003312,-0.040412,2.150954,2,-0.039255,0.268600,2.136257,2,-0.074281,0.565348,2.108490,2,-0.119420,0.693997,2.052137,2,-0.245644,0.456250,2.138488,2,-0.261062,0.196231,2.132211,2,-0.259118,-0.033162,2.086779,2,-0.246643,-0.087504,2.076621,2,0.106715,0.501835,2.136159,2,0.211953,0.303469,2.142719,2,0.078676,0.307533,1.943094,2,0.053442,0.309692,1.961552,2,-0.082201,-0.047266,2.124631,2,-0.058227,-0.390612,2.009440,2,-0.039596,-0.725229,2.021008,2,-0.040741,-0.794759,1.938912,2,0.075800,-0.032204,2.102297,2,0.146736,-0.356162,2.151959,2,0.107447,-0.635128,2.420781,2,0.106644,-0.676476,2.285887,2,-0.065663,0.492847,2.117737,2,-0.254247,-0.169579,2.078339,2,-0.281148,-0.068214,2.050167,2,0.059560,0.321794,1.878917,2,0.067636,0.264322,1.950866,2,
00_00_00_0121,0.000516,-0.033022,2.113438,2,-0.037963,0.276925,2.104466,2,-0.074689,0.574437,2.081792,2,-0.118600,0.700712,2.022223,2,-0.245137,0.464170,2.102877,2,-0.261430,0.220178,2.073551,2,-0.258495,0.008931,1.991847,2,-0.255569,-0.051492,1.962835,2,0.106791,0.506473,2.101740,2,0.242084,0.275994,2.170150,2,0.141849,0.305764,1.923653,2,0.066415,0.315322,1.919315,2,-0.078560,-0.041077,2.084037,2,-0.059309,-0.386675,2.000843,2,-0.040314,-0.724158,2.018832,2,-0.040513,-0.795289,1.939528,2,0.079682,-0.023707,2.066258,2,0.144343,-0.349672,2.085533,2,0.106048,-0.631102,2.352103,2,0.105433,-0.671732,2.216964,2,-0.065728,0.501773,2.089772,2,-0.270577,-0.138014,1.946018,2,-0.294484,-0.021083,1.936250,2,0.054101,0.330338,1.849805,2,0.085458,0.287500,1.889516,2,
00_00_00_0122,-0.001132,-0.022973,2.075281,2,-0.038134,0.286565,2.069632,2,-0.073721,0.583437,2.051236,2,-0.116513,0.709046,1.992405,2,-0.249149,0.476342,2.077729,2,-0.258815,0.238925,2.018806,2,-0.267414,0.042696,1.902983,2,-0.269851,-0.010514,1.853804,2,0.108313,0.514258,2.071582,2,0.218273,0.317061,2.065756,2,0.093121,0.330683,1.864884,2,0.058398,0.330592,1.883184,2,-0.079719,-0.032289,2.048023,2,-0.063986,-0.384113,1.985684,2,-0.040086,-0.723806,2.017636,2,-0.040682,-0.795842,1.940069,2,0.077547,-0.012930,2.027190,2,0.146194,-0.345912,2.024951,2,0.108110,-0.637097,2.281590,2,0.138794,-0.722656,2.261719,2,-0.065021,0.510952,2.058083,2,-0.275134,-0.090695,1.811176,2,-0.301460,0.000036,1.819429,2,0.055637,0.345054,1.808241,2,0.096421,0.307434,1.847885,2,
00_00_00_0123,-0.000339,-0.018418,2.045017,2,-0.038160,0.291967,2.040513,2,-0.074410,0.589557,2.022972,2,-0.113216,0.714696,1.966131,2,-0.249007,0.479866,2.044372,2,-0.257932,0.255445,1.968938,2,-0.276189,0.085165,1.816340,2,-0.283465,0.041351,1.757900,2,0.113896,0.521391,2.046327,2,0.218723,0.320026,2.037976,2,0.080649,0.344452,1.853192,1,0.056951,0.338658,1.856594,2,-0.078740,-0.027983,2.013819,2,-0.065499,-0.386436,1.974475,2,-0.039161,-0.721777,2.015620,2,-0.040858,-0.795519,1.941552,2,0.078137,-0.008182,1.999866,2,0.145423,-0.343159,1.965344,2,0.123267,-0.661803,2.191506,2,0.152700,-0.739979,2.166207,2,-0.065562,0.516915,2.029592,2,-0.277518,-0.027123,1.710753,2,-0.281456,0.066601,1.726485,2,0.059664,0.364675,1.773928,2,0.096525,0.315280,1.814774,2,
00_00_00_0124,-0.003046,-0.019142,2.015059,2,-0.037788,0.293075,2.014409,2,-0.071427,0.592034,2.000305,2,-0.109594,0.718556,1.942945,2,-0.245338,0.480985,2.015673,2,-0.259491,0.269238,1.920964,2,-0.278286,0.114446,1.732604,2,-0.287687,0.097160,1.682103,2,0.116880,0.521697,2.009980,2,0.224483,0.322123,2.002618,2,0.114425,0.344820,1.849507,2,0.061140,0.345713,1.815895,2,-0.081074,-0.029469,1.986450,2,-0.068879,-0.392659,1.965389,2,-0.038998,-0.722170,2.014960,2,-0.040999,-0.796251,1.941661,2,0.075151,-0.008020,1.967969,2,0.142142,-0.347404,1.910595,2,0.131713,-0.685295,2.110142,2,0.166818,-0.757988,2.052254,2,-0.063192,0.519089,2.006115,2,-0.290593,0.038397,1.621772,2,-0.288550,0.115606,1.642036,2,0.030827,0.408043,1.751820,2,0.080682,0.332548,1.758989,2,
00_00_00_0125,-0.005505,-0.020898,1.985337,2,-0.037277,0.293825,1.982274,2,-0.067503,0.595312,1.966124,2,-0.107422,0.721185,1.912309,2,-0.237623,0.474782,1.973732,2,-0.259359,0.267114,1.870655,2,-0.283546,0.184063,1.656492,2,-0.290059,0.153762,1.616864,2,0.122382,0.524262,1.979756,2,0.226627,0.315149,1.962364,2,0.093123,0.338090,1.766187,2,0.055871,0.355573,1.761504,2,-0.084307,-0.031666,1.956407,2,-0.071044,-0.395823,1.957598,2,-0.037845,-0.724086,2.013933,2,-0.041534,-0.798055,1.940566,2,0.073530,-0.009323,1.938296,2,0.137099,-0.356407,1.859731,2,0.146822,-0.703055,2.015259,2,0.183502,-0.770677,1.947502,2,-0.060154,0.521749,1.972390,2,-0.285671,0.096600,1.554597,2,-0.314854,0.170547,1.589934,2,0.028668,0.412348,1.717466,2,0.086587,0.358543,1.707428,2,
00_00_00_0126,-0.007424,-0.025336,1.960182,2,-0.035191,0.291239,1.957751,2,-0.061661,0.594181,1.941811,2,-0.103141,0.720629,1.887459,2,-0.230582,0.472649,1.950203,2,-0.256184,0.280011,1.819499,2,-0.281924,0.214986,1.599266,2,-0.290623,0.199257,1.554140,2,0.128213,0.521670,1.944649,2,0.231588,0.310737,1.929089,2,0.087794,0.336067,1.742176,2,0.056357,0.354128,1.732695,2,-0.086482,-0.035079,1.933681,2,-0.071592,-0.402296,1.947439,2,-0.036979,-0.726410,2.011416,2,-0.042494,-0.801236,1.940389,2,0.072007,-0.014671,1.910736,2,0.138051,-0.387194,1.814595,2,0.173162,-0.722980,1.911371,2,0.200058,-0.778162,1.818334,2,-0.055234,0.520293,1.948057,2,-0.279335,0.146006,1.494884,2,-0.312386,0.211315,1.524200,2,0.033704,0.413225,1.690850,2,0.075472,0.356432,1.661174,2,
00_00_00_0127,-0.007172,-0.030484,1.934161,2,-0.031268,0.287180,1.928580,2,-0.053844,0.591152,1.909725,2,-0.100323,0.716438,1.856426,2,-0.224128,0.471762,1.925688,2,-0.251045,0.287995,1.764606,2,-0.287582,0.247030,1.538151,2,-0.293825,0.242618,1.515917,2,0.133197,0.520184,1.907896,2,0.236208,0.304834,1.889234,2,0.081566,0.339999,1.693132,2,0.048084,0.356482,1.690863,2,-0.087018,-0.038565,1.910675,2,-0.073653,-0.401899,1.938093,2,-0.035934,-0.729071,2.008615,2,-0.043495,-0.804250,1.938992,2,0.073124,-0.021378,1.881607,2,0.140326,-0.410401,1.772491,2,0.196833,-0.730597,1.802604,2,0.209663,-0.775750,1.696157,2,-0.048391,0.517027,1.916665,2,-0.296907,0.225977,1.470726,2,-0.311791,0.276034,1.510895,2,0.052808,0.373111,1.640746,2,0.081606,0.347892,1.630000,2,
00_00_00_0128,-0.011068,-0.037228,1.910925,2,-0.029532,0.282599,1.902804,2,-0.046306,0.588477,1.880359,2,-0.097179,0.712628,1.829250,2,-0.216047,0.470385,1.902142,2,-0.245283,0.283147,1.756338,2,-0.286205,0.271377,1.527306,2,-0.293338,0.275142,1.495487,2,0.138887,0.512422,1.869649,2,0.238215,0.301970,1.844153,2,0.074779,0.335053,1.668172,2,0.048854,0.347393,1.661702,2,-0.090805,-0.042815,1.891089,2,-0.075271,-0.403547,1.927488,2,-0.035415,-0.732856,2.005050,2,-0.044763,-0.808553,1.937451,2,0.069274,-0.030517,1.854618,2,0.145981,-0.441584,1.728177,2,0.221434,-0.744256,1.691763,2,0.216394,-0.775588,1.575334,2,-0.042337,0.513899,1.888282,2,-0.297875,0.266575,1.442478,2,-0.307819,0.315213,1.483417,2,0.057380,0.352282,1.594638,2,0.089149,0.330632,1.611000,2,
00_00_00_0129,-0.011713,-0.044666,1.885251,2,-0.024499,0.276110,1.872202,2,-0.035641,0.582919,1.845595,2,-0.093293,0.705692,1.795904,2,-0.207564,0.464007,1.875492,2,-0.247162,0.289373,1.721269,2,-0.289991,0.286979,1.494337,2,-0.292063,0.295698,1.481271,2,0.142956,0.503773,1.826527,2,0.241257,0.292169,1.803617,2,0.074919,0.322545,1.638803,2,0.047051,0.336824,1.630368,2,-0.091846,-0.049246,1.867903,2,-0.074743,-0.406609,1.915680,2,-0.034061,-0.734676,2.001865,2,-0.046074,-0.810871,1.936720,2,0.069050,-0.038344,1.826823,2,0.147948,-0.448088,1.692307,2,0.230726,-0.741914,1.606483,2,0.214845,-0.776685,1.493502,2,-0.033022,0.508137,1.854455,2,-0.299880,0.295854,1.423264,2,-0.267321,0.332010,1.484867,2,0.049765,0.348025,1.569869,2,0.081884,0.314197,1.580215,2,
00_00_00_0130,-0.009322,-0.050016,1.858881,2,-0.019754,0.271090,1.845200,2,-0.029376,0.577896,1.818416,2,-0.091034,0.700858,1.772991,2,-0.201421,0.458526,1.855954,2,-0.242919,0.277343,1.712504,2,-0.294523,0.293744,1.488149,2,-0.290445,0.302468,1.477074,2,0.148537,0.498176,1.790639,2,0.248621,0.289057,1.759136,2,0.074920,0.308512,1.595351,2,0.045852,0.322969,1.589945,1,-0.089404,-0.054200,1.845264,2,-0.073885,-0.408035,1.904189,2,-0.032563,-0.737133,1.999647,2,-0.047906,-0.812880,1.934874,2,0.071227,-0.043795,1.796329,2,0.150855,-0.448737,1.661229,2,0.231317,-0.743234,1.560475,2,0.209630,-0.771687,1.445207,2,-0.027068,0.503159,1.827315,2,-0.298397,0.307601,1.416872,2,-0.262143,0.339079,1.480640,2,0.045475,0.337274,1.527431,2,0.080407,0.314462,1.535240,2,
00_00_00_0131,-0.007841,-0.053861,1.834868,2,-0.013997,0.266807,1.815929,2,-0.018811,0.572818,1.782728,2,-0.085299,0.694793,1.743854,2,-0.192728,0.458180,1.838426,2,-0.263591,0.275323,1.640454,2,-0.300643,0.299868,1.413913,2,-0.288799,0.295133,1.474731,2,0.155017,0.492048,1.752423,2,0.258661,0.281390,1.722858,2,0.071554,0.300572,1.567895,2,0.040577,0.313916,1.556162,1,-0.087342,-0.058364,1.825193,2,-0.072633,-0.410011,1.889398,2,-0.031565,-0.739380,1.996181,2,-0.049590,-0.815717,1.935035,2,0.071974,-0.046983,1.768437,2,0.151412,-0.441727,1.636058,2,0.229344,-0.742694,1.551728,2,0.207685,-0.776349,1.439530,2,-0.017746,0.498324,1.793314,2,-0.296441,0.309534,1.413117,2,-0.261786,0.331932,1.475364,2,0.013110,0.348583,1.521495,2,0.010677,0.356426,1.585737,2,
00_00_00_0132,-0.002147,-0.058577,1.807199,2,-0.005844,0.261839,1.783288,2,-0.009157,0.567629,1.746416,2,-0.082690,0.690171,1.714138,2,-0.180078,0.449973,1.815512,2,-0.212256,0.243697,1.711552,2,-0.281924,0.280969,1.494990,2,-0.287412,0.270526,1.476588,2,0.162215,0.490007,1.711186,2,0.262988,0.279206,1.670745,2,0.063051,0.296753,1.531579,2,0.030613,0.305961,1.521804,1,-0.080446,-0.064082,1.803381,2,-0.070169,-0.409550,1.871409,2,-0.029554,-0.741995,1.993415,2,-0.050853,-0.818023,1.933865,2,0.076022,-0.050280,1.734251,2,0.149928,-0.440146,1.611352,2,0.229075,-0.747871,1.541234,2,0.205494,-0.791730,1.437086,2,-0.008358,0.493203,1.757781,2,-0.299875,0.284395,1.422378,2,-0.261837,0.303212,1.473675,2,-0.016284,0.353578,1.518482,2,-0.002097,0.338531,1.563889,2,
00_00_00_0133,0.000378,-0.061451,1.786926,2,-0.000864,0.259710,1.759043,2,-0.001499,0.566106,1.717025,2,-0.079772,0.689664,1.694520,2,-0.167839,0.444413,1.800568,2,-0.166674,0.222518,1.734841,2,-0.286948,0.256955,1.542109,2,-0.286775,0.229097,1.492111,2,0.169912,0.485472,1.673256,2,0.271221,0.279774,1.632934,2,0.056564,0.293833,1.508806,2,0.020347,0.304140,1.493881,1,-0.076284,-0.067761,1.789688,2,-0.064252,-0.406528,1.854084,2,-0.025572,-0.741567,1.985092,2,-0.051047,-0.818335,1.933464,2,0.076348,-0.051950,1.706876,2,0.147638,-0.440412,1.578142,2,0.229805,-0.750185,1.535553,2,0.205652,-0.799632,1.436765,2,-0.001399,0.491558,1.729808,2,-0.302958,0.230968,1.435283,2,-0.263038,0.265878,1.473250,2,-0.047198,0.361602,1.506203,2,-0.005505,0.318829,1.534136,2,
00_00_00_0134,0.005326,-0.060935,1.760990,2,0.005724,0.261786,1.727935,2,0.006212,0.569474,1.681457,2,-0.079250,0.690819,1.661581,2,-0.137538,0.454045,1.771877,2,-0.179811,0.231166,1.738522,2,-0.284029,0.202460,1.535102,2,-0.284249,0.176900,1.523938,2,0.170698,0.482534,1.624923,2,0.268553,0.277297,1.577845,2,0.072495,0.270184,1.459608,2,0.021096,0.296209,1.454223,2,-0.069224,-0.068062,1.772053,2,-0.056984,-0.401755,1.834796,2,-0.017611,-0.742678,1.978228,2,-0.052816,-0.817154,1.933789,2,0.078627,-0.050814,1.672739,2,0.146287,-0.437253,1.546292,2,0.230445,-0.753085,1.528283,2,0.204010,-0.807297,1.435547,2,0.006097,0.494656,1.695230,2,-0.305843,0.157120,1.464543,2,-0.303631,0.202664,1.493944,2,-0.008544,0.316079,1.411632,2,-0.010381,0.335004,1.481167,2,
00_00_00_0135,0.015995,-0.056658,1.727237,2,0.013951,0.267260,1.695105,2,0.012003,0.575560,1.649369,2,-0.077348,0.690225,1.642424,2,-0.122888,0.455045,1.763036,2,-0.177621,0.234347,1.740239,2,-0.266112,0.114078,1.565394,2,-0.300112,0.093075,1.547419,2,0.168803,0.481276,1.584649,2,0.269299,0.280416,1.531837,2,0.062320,0.296454,1.432615,2,0.019726,0.293207,1.429315,2,-0.055408,-0.065604,1.748108,2,-0.044538,-0.400787,1.817082,2,0.013056,-0.744240,1.961732,2,-0.046834,-0.804946,1.926681,2,0.085671,-0.044800,1.628678,2,0.146287,-0.435494,1.516947,2,0.230821,-0.754757,1.522900,2,0.202980,-0.812119,1.434766,2,0.012485,0.500645,1.663001,2,-0.312291,0.083296,1.513889,2,-0.291135,0.125605,1.520000,2,-0.060375,0.335714,1.455476,2,0.040036,0.275224,1.493909,2,
00_00_00_0136,0.020292,-0.045347,1.708865,2,0.017366,0.275027,1.673882,2,0.014486,0.579641,1.624632,2,-0.076190,0.690761,1.623847,2,-0.072412,0.507517,1.729840,2,-0.146567,0.241860,1.748820,2,-0.232656,0.068408,1.627764,2,-0.274466,0.029533,1.616649,2,0.168616,0.484128,1.546288,2,0.273501,0.286431,1.488492,2,0.039322,0.288199,1.425020,2,0.000443,0.296937,1.403350,2,-0.043470,-0.047927,1.724760,2,-0.032704,-0.402506,1.798684,2,0.038464,-0.747078,1.938728,2,-0.033886,-0.793561,1.921573,2,0.085084,-0.039045,1.615753,2,0.146033,-0.429384,1.501810,2,0.232034,-0.756548,1.517667,2,0.201307,-0.816455,1.434602,2,0.015214,0.505695,1.639179,2,-0.291604,-0.010427,1.587763,2,-0.256247,0.059445,1.566822,2,-0.097343,0.343908,1.411751,2,0.015029,0.272811,1.473400,2,
00_00_00_0137,0.028786,-0.033218,1.681441,2,0.022878,0.285151,1.646323,2,0.017116,0.587480,1.598038,2,-0.075972,0.696843,1.601084,2,-0.071089,0.512218,1.716147,1,-0.122269,0.211037,1.732607,2,-0.211408,0.010893,1.679473,2,-0.242474,-0.034037,1.688969,2,0.167015,0.485406,1.511517,2,0.271721,0.290327,1.442350,2,0.025276,0.289688,1.395126,2,-0.013687,0.300106,1.379267,2,-0.034403,-0.038732,1.703652,2,-0.026526,-0.402352,1.777441,2,0.050991,-0.746503,1.903047,2,-0.016182,-0.790534,1.904868,2,0.090516,-0.026193,1.583858,2,0.144442,-0.423655,1.488168,2,0.232511,-0.756893,1.512981,2,0.200550,-0.819509,1.435091,2,0.018542,0.514117,1.612238,2,-0.248492,-0.076731,1.671260,2,-0.223482,-0.017243,1.633000,2,-0.104912,0.355142,1.366216,2,-0.071455,0.307845,1.405895,2,
00_00_00_0138,0.038600,-0.027422,1.655979,2,0.027399,0.291392,1.622887,2,0.017023,0.593962,1.575787,2,-0.079540,0.704354,1.586952,2,-0.071043,0.520141,1.690200,1,-0.102152,0.225836,1.756163,2,-0.151026,0.008578,1.727170,2,-0.162722,-0.019856,1.735043,2,0.165362,0.492175,1.481487,2,0.266239,0.297368,1.403962,2,0.033395,0.288394,1.374064,2,-0.038121,0.309315,1.360560,2,-0.022323,-0.033079,1.673496,2,-0.022538,-0.404717,1.758584,2,0.058813,-0.748527,1.873616,2,-0.007544,-0.789455,1.881291,2,0.098278,-0.020483,1.562060,2,0.141186,-0.416263,1.474735,2,0.234634,-0.756834,1.507222,2,0.200760,-0.822140,1.435853,2,0.019562,0.520560,1.589751,2,-0.192106,-0.110352,1.748065,2,-0.129299,-0.023080,1.723000,2,-0.120898,0.352406,1.360199,2,-0.074070,0.288984,1.403000,2,
00_00_00_0139,0.043708,-0.022890,1.638153,2,0.030168,0.297853,1.604960,2,0.017165,0.601876,1.558362,2,-0.081904,0.712382,1.575042,2,-0.070886,0.527583,1.674159,1,-0.087144,0.236023,1.753272,2,-0.098960,0.014211,1.770507,2,-0.101853,-0.029552,1.784223,2,0.159237,0.494669,1.452362,2,0.235890,0.293709,1.360577,2,0.011140,0.288821,1.354678,2,-0.057839,0.314093,1.346661,2,-0.013213,-0.029454,1.649076,2,-0.017962,-0.406940,1.742134,2,0.063649,-0.745526,1.848907,2,0.002600,-0.783913,1.866612,2,0.099950,-0.015708,1.550105,2,0.140941,-0.410288,1.465051,2,0.243161,-0.754600,1.494066,2,0.204039,-0.823266,1.436724,2,0.020366,0.528164,1.572135,2,-0.117632,-0.112383,1.818036,2,-0.066097,-0.008293,1.748357,2,-0.141663,0.351098,1.354967,2,-0.061296,0.267679,1.385714,2,
00_00_00_0140,0.050984,-0.020304,1.597487,2,0.033287,0.302020,1.578208,2,0.017399,0.606270,1.542607,2,-0.082653,0.717694,1.563900,2,-0.070654,0.532064,1.658245,1,-0.085810,0.242820,1.744432,1,-0.098860,0.015043,1.764933,1,-0.060168,0.007636,1.768359,1,0.152512,0.492121,1.421210,2,0.225045,0.287458,1.334432,2,-0.016921,0.294362,1.325625,2,-0.064877,0.312675,1.332527,2,-0.004672,-0.028051,1.607483,2,-0.012927,-0.406453,1.725486,2,0.072133,-0.746678,1.831875,2,0.006569,-0.786269,1.846294,2,0.104447,-0.011771,1.512767,2,0.142878,-0.408223,1.454654,2,0.262671,-0.748918,1.468359,2,0.213880,-0.816942,1.434773,2,0.021197,0.532601,1.553896,2,-0.060862,-0.005997,1.745831,2,-0.059728,0.012341,1.752286,2,-0.153620,0.341629,1.342731,2,-0.068060,0.254989,1.312500,2,
00_00_00_0141,0.053965,-0.020189,1.577816,2,0.035762,0.303437,1.558817,2,0.018463,0.608810,1.527174,2,-0.082218,0.721943,1.556618,2,-0.069613,0.534573,1.642900,1,-0.083702,0.245405,1.729828,1,-0.097855,0.016459,1.750620,1,-0.110218,-0.047544,1.768182,1,0.145815,0.488944,1.401587,2,0.213377,0.286227,1.305264,2,-0.010666,0.289913,1.311636,2,-0.076883,0.311963,1.322838,2,-0.000940,-0.026125,1.591419,2,-0.006551,-0.411232,1.712716,2,0.077101,-0.748828,1.823046,2,0.007145,-0.786696,1.844739,2,0.106375,-0.013752,1.487416,2,0.149581,-0.404835,1.440823,2,0.288508,-0.740878,1.424805,2,0.238567,-0.807370,1.406288,2,0.022668,0.534911,1.537163,2,-0.110616,-0.060849,1.745668,1,-0.109090,-0.042078,1.752151,1,-0.169904,0.348531,1.349801,2,-0.052691,0.250745,1.367769,2,
00_00_00_0142,0.060440,-0.023890,1.554428,2,0.038647,0.303760,1.541804,2,0.018647,0.611992,1.514374,2,-0.083303,0.725056,1.549884,2,-0.069446,0.537714,1.630135,1,-0.082995,0.248298,1.716831,1,-0.041790,0.040160,1.493463,2,-0.028018,-0.015860,1.472840,1,0.137414,0.483361,1.377740,2,0.199160,0.279871,1.278497,2,-0.021925,0.287452,1.305701,2,-0.087605,0.307455,1.316982,2,0.005900,-0.028277,1.570478,2,0.003105,-0.413225,1.697586,2,0.064269,-0.726109,1.788843,2,0.014006,-0.784950,1.829409,2,0.112002,-0.018462,1.462874,2,0.157969,-0.396259,1.419651,2,0.298673,-0.738932,1.400732,2,0.255072,-0.809305,1.374256,1,0.023477,0.537443,1.523438,2,-0.025356,-0.087700,1.418311,2,-0.022752,-0.064053,1.486000,2,-0.183644,0.341943,1.352903,2,-0.085965,0.266577,1.348000,2,
00_00_00_0143,0.066875,-0.028019,1.531681,2,0.041242,0.303231,1.523896,2,0.017849,0.614389,1.501699,2,-0.084295,0.728140,1.544253,2,-0.070258,0.540064,1.617496,1,-0.083530,0.250439,1.704003,1,-0.032125,0.036398,1.488569,2,-0.025441,-0.020750,1.465247,1,0.129364,0.480496,1.361457,2,0.182847,0.276561,1.257667,2,-0.034818,0.276371,1.300856,2,-0.096249,0.300011,1.312644,2,0.014843,-0.032340,1.543231,2,0.012270,-0.414838,1.686377,2,0.065698,-0.732532,1.785938,2,0.014640,-0.786182,1.827399,2,0.116153,-0.022331,1.443887,2,0.164179,-0.393345,1.404921,2,0.301416,-0.725780,1.363927,2,0.287262,-0.802506,1.318868,1,0.023456,0.539192,1.509487,2,-0.007057,-0.087629,1.420957,2,-0.047277,-0.069873,1.453714,2,-0.182022,0.333914,1.352198,2,-0.100591,0.263443,1.333500,2,
00_00_00_0144,0.065672,-0.032255,1.520799,2,0.040612,0.301751,1.514120,2,0.017145,0.615593,1.493456,2,-0.084919,0.729672,1.541019,2,-0.070971,0.541236,1.609275,1,-0.084128,0.251503,1.695712,1,-0.023686,0.036940,1.483191,2,-0.020025,-0.029915,1.453412,1,0.120944,0.476658,1.342547,2,0.167320,0.270668,1.239094,2,-0.046085,0.268815,1.296205,2,-0.108262,0.292779,1.311724,2,0.015077,-0.035676,1.532757,2,0.031712,-0.417153,1.676995,2,0.065349,-0.732945,1.784355,2,0.009089,-0.788856,1.822684,2,0.113307,-0.027259,1.432899,2,0.170933,-0.389964,1.390014,2,0.300713,-0.716041,1.341352,2,0.278337,-0.792260,1.300565,1,0.022827,0.539742,1.500776,2,-0.008531,-0.083593,1.407416,2,-0.035965,-0.070795,1.450700,2,-0.202077,0.326027,1.359487,2,-0.133008,0.272358,1.346222,2,
00_00_00_0145,0.070486,-0.050456,1.491250,2,0.041453,0.296312,1.497031,2,0.015650,0.617253,1.484568,2,-0.086506,0.731160,1.537797,2,-0.072471,0.542858,1.600410,1,-0.085542,0.253028,1.686834,1,-0.020717,0.037101,1.477027,1,-0.003968,-0.017342,1.428773,1,0.117570,0.474230,1.331283,2,0.156455,0.266948,1.227036,2,-0.054704,0.261579,1.290248,2,-0.116096,0.283982,1.316598,2,0.023546,-0.060208,1.475852,2,0.036465,-0.415300,1.663006,2,0.062095,-0.690574,1.752998,2,0.019140,-0.765252,1.802161,2,0.114489,-0.035511,1.426447,2,0.174417,-0.385997,1.380287,2,0.299711,-0.712753,1.335744,2,0.280054,-0.789049,1.291943,1,0.021806,0.540037,1.490271,2,0.017734,-0.078693,1.395317,2,0.005719,-0.075649,1.515222,2,-0.203156,0.326200,1.336483,2,-0.088831,0.224115,1.346750,2,
00_00_00_0146,0.074286,-0.057189,1.481339,2,0.042149,0.293662,1.489138,2,0.013683,0.619111,1.480083,2,-0.088249,0.733133,1.536192,2,-0.074434,0.544693,1.595939,1,-0.087447,0.254809,1.682373,1,-0.020402,0.038365,1.473807,1,-0.000928,-0.017200,1.421500,1,0.115226,0.474384,1.327500,2,0.143499,0.269275,1.215073,2,-0.090475,0.254575,1.297375,2,-0.125006,0.275493,1.322643,2,0.026336,-0.062338,1.468707,2,0.044184,-0.396963,1.655228,2,0.063314,-0.733313,1.776441,2,0.004168,-0.793770,1.827674,2,0.118826,-0.049465,1.416148,2,0.180869,-0.380839,1.369517,2,0.301000,-0.711445,1.333962,2,0.279626,-0.787823,1.292940,1,0.020477,0.540810,1.485054,2,0.010048,-0.085693,1.385813,2,0.018154,-0.075095,1.513250,2,-0.216441,0.322781,1.353803,2,-0.105549,0.221917,1.339769,2,
00_00_00_0147,0.076610,-0.058453,1.474676,2,0.042608,0.294406,1.484433,2,0.011958,0.623143,1.476979,2,-0.091177,0.735638,1.535998,2,-0.076152,0.548700,1.592854,1,-0.089121,0.258755,1.679309,1,-0.039189,0.181592,1.384752,2,-0.005570,0.133643,1.346550,1,0.112545,0.472906,1.320631,2,0.126705,0.268788,1.203344,2,-0.098965,0.255442,1.305360,2,-0.135754,0.269770,1.335740,2,0.028668,-0.061022,1.461990,2,0.046696,-0.382586,1.649343,1,0.073046,-0.729311,1.758851,2,0.006815,-0.785100,1.810814,2,0.120898,-0.053054,1.410388,2,0.181477,-0.381158,1.371438,2,0.303104,-0.704645,1.329961,2,0.286945,-0.782201,1.297010,1,0.019423,0.543702,1.481515,2,-0.020082,0.064529,1.267820,2,0.021745,0.056748,1.350021,2,-0.225845,0.312735,1.373700,2,-0.118171,0.218443,1.340052,2,
00_00_00_0148,0.085177,-0.058874,1.461994,2,0.044692,0.296619,1.479460,2,0.010333,0.628689,1.476065,2,-0.094168,0.739458,1.537246,2,-0.077766,0.554225,1.591960,1,-0.090702,0.264218,1.678434,1,-0.039632,0.183733,1.384965,1,-0.008225,0.137293,1.343362,1,0.112021,0.473986,1.316645,2,0.109418,0.270664,1.196885,2,-0.107151,0.254767,1.315090,2,-0.143195,0.265608,1.350790,2,0.036550,-0.060759,1.453684,2,0.061619,-0.394858,1.629014,1,0.084551,-0.737245,1.750997,2,0.010855,-0.786144,1.802476,2,0.129200,-0.054174,1.393728,2,0.182596,-0.380793,1.370573,2,0.304201,-0.695574,1.325084,2,0.288098,-0.772817,1.302354,1,0.018801,0.547845,1.479611,2,-0.031651,0.101939,1.264347,2,0.029170,0.061385,1.341765,2,-0.231011,0.304403,1.399101,2,-0.125788,0.215379,1.344880,2,
00_00_00_0149,0.094587,-0.051139,1.452935,2,0.049216,0.304922,1.474179,2,0.009599,0.639927,1.476512,2,-0.102454,0.740725,1.541243,2,-0.078487,0.565428,1.592446,1,-0.091413,0.275325,1.678976,1,-0.113449,0.256353,1.371788,2,-0.124412,0.242330,1.346177,1,0.111858,0.476197,1.313710,2,0.081111,0.271329,1.198745,2,-0.126839,0.250843,1.343352,2,-0.151956,0.266347,1.372918,2,0.046688,-0.053705,1.448463,2,0.065888,-0.394496,1.621061,1,0.103952,-0.737485,1.736639,2,0.062561,-0.784500,1.763474,2,0.137706,-0.045674,1.380498,2,0.184447,-0.378843,1.368138,2,0.304466,-0.693258,1.323154,2,0.284117,-0.769621,1.304075,1,0.019342,0.558196,1.478293,2,-0.081482,0.178229,1.278569,2,-0.079840,0.167992,1.312818,2,-0.237224,0.303149,1.442372,2,-0.182290,0.253279,1.387500,2,
00_00_00_0150,0.097711,-0.044504,1.450070,2,0.053797,0.316117,1.470822,2,0.013413,0.655492,1.476127,2,-0.106508,0.739341,1.553004,2,-0.074686,0.580946,1.592125,1,-0.087657,0.290711,1.678755,1,-0.110792,0.262225,1.372382,1,-0.113926,0.236128,1.349512,1,0.111538,0.479498,1.311457,2,0.063364,0.274446,1.201234,2,-0.131714,0.250620,1.356020,2,-0.153019,0.270130,1.392689,2,0.051845,-0.046346,1.447872,2,0.067858,-0.394862,1.617811,1,0.123117,-0.739655,1.722821,2,0.073234,-0.783117,1.754309,1,0.139027,-0.039556,1.375751,2,0.188750,-0.375034,1.360582,2,0.305008,-0.691887,1.322011,2,0.282803,-0.767854,1.304064,1,0.023415,0.573198,1.476826,2,-0.091453,0.162708,1.256690,2,-0.079089,0.272164,1.283957,2,-0.228350,0.299945,1.451729,2,-0.139351,0.222489,1.370947,2,
00_00_00_0151,0.101050,-0.036006,1.448687,2,0.059308,0.329629,1.470196,2,0.020364,0.674205,1.478231,2,-0.104362,0.739357,1.565934,2,-0.067757,0.599615,1.594303,1,0.167566,0.406339,1.618737,2,0.024611,0.294208,1.369462,2,-0.050485,0.223008,1.288838,1,0.111159,0.481816,1.310598,2,0.045857,0.278261,1.205764,2,-0.151758,0.265762,1.400841,2,-0.152963,0.271523,1.409559,2,0.057619,-0.037218,1.449112,2,0.069154,-0.394396,1.615667,1,0.175705,-0.754621,1.704497,2,0.126099,-0.798340,1.735352,1,0.140095,-0.031786,1.372330,2,0.190065,-0.372976,1.358302,2,0.305349,-0.691546,1.321415,2,0.282467,-0.767371,1.303693,1,0.029947,0.590673,1.478090,2,-0.092679,0.175125,1.289680,2,0.016672,0.216374,1.202927,2,-0.198872,0.288328,1.422939,2,-0.137499,0.216746,1.357174,2,
00_00_00_0152,0.108655,-0.023755,1.449141,2,0.066664,0.342877,1.471873,2,0.026576,0.687251,1.481448,2,-0.091469,0.755898,1.581246,2,-0.061565,0.612639,1.597569,1,0.157010,0.398825,1.614796,2,0.068191,0.172497,1.425684,2,0.028502,0.118603,1.363246,2,0.111936,0.483521,1.311806,2,0.030639,0.281391,1.211358,2,-0.138730,0.234437,1.378087,2,-0.149088,0.281576,1.429713,2,0.066089,-0.023465,1.451435,2,0.080572,-0.365897,1.610072,1,0.188754,-0.740972,1.689559,2,0.133002,-0.766485,1.766304,2,0.145943,-0.022444,1.371413,2,0.190978,-0.371734,1.356983,2,0.305951,-0.692418,1.321215,2,0.277152,-0.767034,1.303554,1,0.036446,0.603882,1.480939,2,0.036497,0.043059,1.323377,2,0.069341,0.151306,1.289268,2,-0.205723,0.307210,1.486431,2,-0.144732,0.276881,1.417689,2,
00_00_00_0153,0.111172,-0.021810,1.449523,2,0.070824,0.347332,1.474510,2,0.032767,0.695394,1.488065,2,-0.085717,0.762991,1.587453,2,-0.055390,0.620788,1.604208,1,0.161469,0.403291,1.604600,2,0.069776,0.173455,1.421307,2,0.037457,0.120922,1.351640,2,0.114935,0.487261,1.318349,2,0.017210,0.281172,1.216753,2,-0.142040,0.232725,1.378999,1,-0.141217,0.271737,1.433668,2,0.068848,-0.022296,1.449842,2,0.083615,-0.369870,1.608910,1,0.201329,-0.743103,1.684198,2,0.164797,-0.765508,1.769220,2,0.148903,-0.018979,1.374453,2,0.191473,-0.370793,1.356308,2,0.306281,-0.690170,1.319291,2,0.280099,-0.765273,1.302346,1,0.042087,0.611003,1.486397,2,0.049918,0.048181,1.306494,2,0.082447,0.156944,1.283716,2,-0.164763,0.290689,1.478722,2,-0.112440,0.298791,1.395375,2,
00_00_00_0154,0.115488,-0.023496,1.450952,2,0.076477,0.349256,1.478852,2,0.040388,0.702565,1.496668,2,-0.079053,0.768059,1.595247,2,-0.047790,0.627975,1.612828,1,0.162097,0.403067,1.595222,1,0.068887,0.170964,1.415594,2,0.045538,0.126605,1.347490,1,0.122760,0.491699,1.334251,2,0.006463,0.281689,1.225971,2,-0.149860,0.231209,1.385897,1,-0.139271,0.244943,1.439854,1,0.072895,-0.024205,1.444540,2,0.097561,-0.356198,1.609874,1,0.205713,-0.732676,1.684135,2,0.176331,-0.761529,1.768756,2,0.158020,-0.022971,1.387762,2,0.191757,-0.370302,1.356129,2,0.306293,-0.686770,1.317044,2,0.282914,-0.762410,1.300449,1,0.049237,0.616713,1.493874,2,0.051779,0.058835,1.310154,2,0.096027,0.156028,1.283142,2,-0.155609,0.274469,1.492708,2,-0.129676,0.281605,1.442250,2,
00_00_00_0155,0.114450,-0.024586,1.453378,2,0.079222,0.351467,1.487018,2,0.050199,0.709858,1.512985,2,-0.071561,0.773363,1.607238,2,-0.037998,0.635313,1.629144,1,-0.038639,0.434958,1.386892,2,-0.014112,0.136234,1.322702,2,0.024144,0.096478,1.349732,1,0.129383,0.496374,1.350568,2,-0.007854,0.285962,1.240689,2,0.214354,0.152710,1.382679,2,0.280429,0.101777,1.388929,2,0.071443,-0.025141,1.442425,2,0.094281,-0.355801,1.612592,1,0.214057,-0.727751,1.690806,2,0.182878,-0.760101,1.773729,2,0.153915,-0.024758,1.399743,2,0.192165,-0.368965,1.356213,2,0.306393,-0.685350,1.315980,2,0.283523,-0.761155,1.299019,1,0.057023,0.622705,1.508117,2,-0.006023,0.016726,1.290470,2,-0.037275,0.147487,1.268000,2,0.346392,0.067899,1.471172,2,0.307003,0.179003,1.435263,2,
00_00_00_0156,0.123631,-0.028105,1.460268,2,0.091476,0.350886,1.497309,2,0.060255,0.709870,1.521801,2,-0.060516,0.773508,1.617472,1,-0.027978,0.635363,1.637955,1,-0.054249,0.394595,1.438022,2,-0.016631,0.108749,1.332200,2,0.002011,-0.013286,1.328865,2,0.145210,0.498924,1.376388,2,-0.021802,0.283678,1.256833,2,0.214209,0.147703,1.375040,2,0.434070,-0.027871,1.494675,2,0.076862,-0.027977,1.438407,2,0.100116,-0.353956,1.615750,1,0.220189,-0.722114,1.707093,2,0.186083,-0.759743,1.787045,1,0.168414,-0.028119,1.420005,2,0.192279,-0.368725,1.356400,2,0.306173,-0.683661,1.314618,2,0.284214,-0.759244,1.299793,1,0.067955,0.622749,1.517578,2,-0.001494,-0.070709,1.284219,2,-0.010645,0.005552,1.256572,2,0.475059,-0.079555,1.497831,2,0.470306,0.002734,1.474447,2,
00_00_00_0157,0.170218,-0.039722,1.490901,2,0.118034,0.347289,1.520729,2,0.071268,0.710035,1.537109,2,-0.035222,0.793368,1.641839,2,-0.016995,0.635589,1.653244,1,-0.050286,0.398061,1.450507,2,-0.018992,0.109078,1.351973,2,0.002709,-0.051918,1.340994,1,0.173201,0.498825,1.405749,2,0.133405,0.269990,1.350549,2,0.350125,0.083799,1.433520,2,0.391932,0.024512,1.459108,2,0.114377,-0.041655,1.440802,2,0.155082,-0.361569,1.645487,1,0.232285,-0.739338,1.741782,2,0.195282,-0.773581,1.822459,1,0.211611,-0.033680,1.465416,2,0.192644,-0.368084,1.357836,2,0.305941,-0.682460,1.313720,2,0.284470,-0.758526,1.296483,1,0.082164,0.622261,1.534695,2,0.018810,-0.099209,1.339801,2,-0.002195,-0.069383,1.273000,2,0.465954,-0.023579,1.457114,2,0.429096,0.076000,1.438200,2,
00_00_00_0158,0.160961,-0.036546,1.491243,2,0.116726,0.349195,1.527433,2,0.079007,0.713190,1.563142,2,-0.035505,0.801309,1.642780,2,-0.009248,0.638829,1.679238,1,-0.046422,0.409414,1.468039,2,-0.019366,0.122470,1.362371,2,-0.002307,-0.048525,1.348891,1,0.183980,0.499429,1.422815,2,0.288919,0.253191,1.426478,1,0.394858,0.037804,1.437884,2,0.411901,-0.027893,1.431810,2,0.107510,-0.038300,1.440524,2,0.134237,-0.352063,1.640976,1,0.226226,-0.720420,1.755772,1,0.199676,-0.770233,1.831144,1,0.204832,-0.032355,1.466346,2,0.193344,-0.369635,1.361747,2,0.305564,-0.681888,1.313441,2,0.284926,-0.758164,1.295546,1,0.087139,0.625025,1.554803,2,-0.008787,-0.154733,1.297743,2,-0.005012,-0.085012,1.293400,2,0.423742,-0.100175,1.424235,2,0.449616,-0.002444,1.406771,2,
00_00_00_0159,0.154061,-0.033018,1.495940,2,0.116695,0.350161,1.540395,2,0.085319,0.710181,1.578893,2,-0.025423,0.801368,1.663134,2,-0.002943,0.635884,1.694953,1,-0.047036,0.409990,1.481317,2,-0.016330,0.124846,1.371755,2,0.026518,0.024553,1.381699,1,0.198612,0.497446,1.446026,2,0.359980,0.240457,1.474826,2,0.400177,0.022310,1.434617,2,0.393858,-0.020546,1.419433,2,0.100452,-0.034310,1.445070,2,0.129621,-0.350189,1.644238,1,0.222874,-0.715895,1.765353,1,0.198582,-0.768644,1.839369,1,0.199247,-0.029800,1.471064,2,0.192558,-0.370159,1.368513,2,0.304632,-0.681506,1.313150,2,0.283373,-0.757804,1.294350,1,0.092632,0.622928,1.571216,2,-0.010257,-0.052821,1.337329,2,-0.020641,0.020892,1.303857,2,0.384940,-0.093092,1.395564,2,0.428026,-0.020850,1.375559,2,
00_00_00_0160,0.147876,-0.030025,1.505556,2,0.117976,0.349086,1.557235,2,0.093236,0.704486,1.599754,2,-0.014398,0.797673,1.687486,2,0.004967,0.630278,1.715762,1,-0.048388,0.404865,1.503920,2,-0.017132,0.126851,1.377048,2,0.019518,0.051842,1.399379,2,0.216453,0.493463,1.471931,2,0.368488,0.227981,1.478196,2,0.388375,0.008411,1.428558,2,0.373565,-0.013323,1.420498,2,0.092072,-0.029866,1.456735,2,0.121726,-0.347979,1.655115,1,0.219052,-0.712616,1.776359,1,0.197228,-0.768342,1.848886,1,0.195436,-0.028239,1.479052,2,0.191472,-0.373369,1.378126,2,0.303773,-0.681128,1.313049,2,0.281399,-0.757369,1.293241,1,0.099024,0.618436,1.590916,2,-0.014967,-0.024923,1.340145,2,-0.020433,-0.013770,1.289667,2,0.364197,-0.078026,1.389577,2,0.403230,-0.007881,1.361000,2,
00_00_00_0161,0.133493,-0.026273,1.524737,2,0.116861,0.348210,1.579850,2,0.102590,0.700248,1.626678,2,-0.004129,0.795830,1.711223,2,0.014318,0.626144,1.742629,1,-0.045456,0.409977,1.522963,2,-0.024440,0.127869,1.403738,1,0.016348,0.054434,1.417273,2,0.227185,0.492018,1.493665,2,0.370247,0.228708,1.482975,2,0.350941,-0.005369,1.424620,2,0.350047,-0.031597,1.420447,2,0.076927,-0.025419,1.478070,2,0.095025,-0.354870,1.679515,1,0.214208,-0.717806,1.787731,1,0.136905,-0.754031,1.685766,1,0.183260,-0.025649,1.495825,2,0.189126,-0.377973,1.388393,2,0.302311,-0.680435,1.312939,2,0.280358,-0.757053,1.290700,1,0.105831,0.614946,1.616691,2,-0.017029,-0.022459,1.370900,2,-0.018142,0.034360,1.347500,2,0.337930,-0.072138,1.383473,2,0.379377,-0.037810,1.378667,2,
00_00_00_0162,0.136733,-0.051880,1.530819,2,0.123166,0.329710,1.593385,2,0.110293,0.688503,1.644328,2,0.029929,0.793629,1.758344,2,0.006661,0.481467,1.481360,2,-0.092606,0.278402,1.429741,2,0.023471,0.015228,1.358430,1,0.025912,0.006564,1.430994,2,0.236227,0.487713,1.516084,2,0.368732,0.228227,1.491304,2,0.343357,-0.006420,1.431760,2,0.334498,-0.034579,1.432275,2,0.049317,-0.061128,1.487882,2,0.093831,-0.350024,1.689273,1,0.212827,-0.715836,1.789339,1,0.227022,-0.749722,1.655885,2,0.220969,-0.058069,1.502493,2,0.186508,-0.381135,1.397934,2,0.300456,-0.679596,1.312644,2,0.277126,-0.756158,1.288861,1,0.113444,0.601442,1.633506,2,-0.009115,-0.077123,1.387818,2,-0.020826,0.027917,1.395878,2,0.315263,-0.077025,1.391933,2,0.360940,-0.045299,1.395125,2,
00_00_00_0163,0.136106,-0.058747,1.545034,2,0.126800,0.319507,1.615471,2,0.118744,0.676135,1.673756,2,0.043258,0.788796,1.782759,2,0.006245,0.480057,1.503530,2,-0.090170,0.272390,1.488434,2,-0.015608,0.069560,1.416722,2,0.026690,0.004636,1.454743,2,0.270531,0.477408,1.560036,2,0.366093,0.226340,1.512594,2,0.333101,-0.007400,1.454209,2,0.324544,-0.037388,1.455748,2,0.047749,-0.062697,1.501021,2,0.089276,-0.355557,1.715486,1,0.212349,-0.725370,1.797500,1,0.233888,-0.758972,1.665614,2,0.219810,-0.059355,1.511551,2,0.183630,-0.385991,1.410636,2,0.297663,-0.678673,1.312840,2,0.273788,-0.755377,1.285859,1,0.120712,0.589515,1.661124,2,-0.014570,-0.077614,1.409666,2,-0.019481,0.018482,1.441917,2,0.302649,-0.084170,1.431109,2,0.349114,-0.052063,1.419294,2,
00_00_00_0164,0.134168,-0.062610,1.567412,2,0.129557,0.315393,1.642931,2,0.125522,0.672607,1.705571,2,0.063035,0.778681,1.833812,2,0.003696,0.478455,1.543056,2,-0.088918,0.270038,1.510310,2,-0.012433,0.065747,1.446484,2,0.021410,0.001887,1.477918,2,0.271427,0.475600,1.575171,2,0.362124,0.220254,1.540273,2,0.334660,0.001507,1.488921,2,0.308364,-0.023946,1.492342,2,0.044962,-0.063414,1.528168,2,0.087857,-0.356108,1.735822,1,0.209646,-0.729884,1.803719,1,0.221851,-0.764142,1.670168,2,0.217412,-0.061162,1.531600,2,0.177631,-0.390412,1.427739,2,0.293576,-0.677821,1.313879,2,0.270756,-0.754861,1.282576,1,0.126561,0.585769,1.691927,2,-0.018710,-0.086230,1.425814,2,-0.022948,0.020489,1.448257,2,0.284233,-0.099707,1.473977,2,0.341850,-0.026674,1.442859,2,
00_00_00_0165,0.129685,-0.062821,1.592037,2,0.130678,0.314051,1.671182,2,0.131923,0.670386,1.738127,2,0.072829,0.779642,1.865134,2,0.007796,0.481489,1.575670,2,-0.085276,0.272973,1.549660,2,-0.013565,0.070478,1.474365,2,0.021366,0.002933,1.500582,2,0.272580,0.475389,1.613212,2,0.361423,0.217110,1.568325,2,0.333186,0.003385,1.496794,2,0.312075,-0.027178,1.520736,2,0.041222,-0.061145,1.553504,2,0.081834,-0.358755,1.762406,1,0.203354,-0.734874,1.819734,1,0.218352,-0.769164,1.686612,1,0.212169,-0.062155,1.554943,2,0.171116,-0.393850,1.444327,2,0.282167,-0.672261,1.319910,2,0.294062,-0.703843,1.188522,1,0.131650,0.583741,1.723351,2,-0.020701,-0.077822,1.456819,2,-0.018898,0.017227,1.508559,2,0.304330,-0.104013,1.513113,2,0.354137,-0.047793,1.501429,2,
00_00_00_0166,0.127038,-0.063637,1.623717,2,0.134383,0.309977,1.694686,2,0.139698,0.664317,1.754981,2,0.090506,0.768275,1.893001,2,0.008301,0.486587,1.609335,2,-0.085321,0.279444,1.571573,2,-0.018549,0.082711,1.476871,2,0.013409,0.016456,1.529983,2,0.281485,0.474670,1.647606,2,0.363684,0.217199,1.606271,2,0.335454,0.004452,1.531825,2,0.329042,-0.057624,1.554065,2,0.040835,-0.063109,1.584805,2,0.076759,-0.385580,1.792702,1,0.201644,-0.762229,1.839781,1,0.216990,-0.795877,1.706652,2,0.207272,-0.061311,1.587203,2,0.156863,-0.397453,1.471267,2,0.270046,-0.666250,1.329184,2,0.282514,-0.697680,1.197514,1,0.138558,0.578101,1.741732,2,-0.024565,-0.077164,1.471711,2,-0.010196,-0.014263,1.543881,2,0.329429,-0.124902,1.542993,2,0.366735,-0.047930,1.537848,2,
00_00_00_0167,0.132017,-0.063652,1.662549,2,0.137590,0.310826,1.731825,2,0.141919,0.665905,1.786507,2,0.084263,0.780284,1.908081,2,0.007880,0.492389,1.637934,2,-0.082134,0.283824,1.599419,2,-0.014927,0.073914,1.546903,2,0.009125,-0.001928,1.560038,2,0.282201,0.477406,1.672017,2,0.368558,0.212822,1.646699,2,0.353679,-0.005431,1.589282,2,0.344357,-0.046479,1.591918,2,0.046179,-0.063958,1.623164,2,0.076508,-0.392673,1.817623,1,0.199549,-0.769127,1.868654,1,0.189941,-0.830078,1.747070,2,0.211783,-0.060458,1.626217,2,0.136186,-0.407041,1.508302,2,0.250124,-0.655175,1.350109,2,0.261696,-0.686939,1.217867,2,0.141007,0.579500,1.775001,2,0.018854,-0.079635,1.528556,2,-0.020919,-0.028062,1.584429,2,0.340395,-0.130361,1.591527,2,0.392893,-0.029790,1.592000,2,
00_00_00_0168,0.142754,-0.065042,1.704514,2,0.142892,0.313316,1.762985,2,0.143446,0.671712,1.811072,2,0.094022,0.777179,1.947343,2,0.010149,0.498799,1.664945,2,-0.075950,0.287733,1.637691,2,-0.011695,0.080744,1.569934,1,0.005993,0.045419,1.595358,2,0.283161,0.483580,1.705757,2,0.380543,0.212621,1.692808,2,0.378560,-0.008086,1.647609,2,0.371127,-0.052555,1.653065,2,0.058553,-0.063529,1.662849,2,0.088767,-0.388416,1.864960,1,0.211293,-0.765648,1.912357,1,0.199841,-0.824658,1.777957,1,0.220540,-0.063773,1.670977,2,0.108775,-0.422055,1.545618,2,0.237826,-0.668302,1.363827,2,0.235508,-0.746973,1.325174,2,0.143373,0.584504,1.800926,2,-0.040398,-0.021783,1.548278,2,-0.020237,0.005360,1.611576,2,0.360743,-0.126266,1.642858,2,0.418269,-0.043544,1.649892,2,
00_00_00_0169,0.151181,-0.061199,1.748084,2,0.140063,0.332459,1.821256,2,0.128178,0.706616,1.878602,2,0.052915,0.818288,1.987389,2,0.010461,0.503542,1.689333,2,-0.073716,0.292498,1.653514,2,-0.004522,0.081485,1.612468,1,0.005316,0.042762,1.629702,1,0.278236,0.495074,1.731834,2,0.385599,0.226574,1.741802,2,0.390527,0.004223,1.712124,2,0.389536,-0.049550,1.717767,2,0.068320,-0.064320,1.706514,2,0.092701,-0.409485,1.905636,1,0.297470,-0.658391,1.822395,1,0.264648,-0.652313,1.681641,1,0.227484,-0.055437,1.714299,2,0.079572,-0.421446,1.600236,2,0.218384,-0.667530,1.380598,2,0.198244,-0.744881,1.337818,2,0.131220,0.615430,1.866336,2,-0.048355,-0.021356,1.594166,2,0.046329,0.018618,1.576794,2,0.367094,-0.127778,1.715748,2,0.434621,-0.049685,1.708107,2,
00_00_00_0170,0.158198,-0.063610,1.786503,2,0.143161,0.330308,1.836546,2,0.129241,0.705398,1.882634,2,0.059674,0.811545,2.004211,2,0.010382,0.506284,1.712180,2,-0.074586,0.296031,1.673200,2,-0.005405,0.086476,1.623742,1,0.006715,0.047382,1.658468,1,0.273182,0.506604,1.762325,2,0.388123,0.232052,1.791644,2,0.398622,-0.035940,1.790952,2,0.412161,-0.059458,1.790502,2,0.077958,-0.061688,1.741347,2,0.159328,-0.410604,1.922289,1,0.295704,-0.658139,1.819615,1,0.266227,-0.639405,1.659226,2,0.231523,-0.063374,1.757072,2,0.092127,-0.433570,1.693083,2,0.176080,-0.653333,1.440632,2,0.173242,-0.732777,1.398929,2,0.132693,0.613958,1.872493,2,0.015085,-0.001351,1.645937,2,0.049601,0.028153,1.605680,2,0.404752,-0.108467,1.780832,2,0.454910,-0.038319,1.774205,2,
00_00_00_0171,0.152490,-0.053810,1.816187,2,0.136565,0.324705,1.842474,2,0.107576,0.672165,1.863767,2,0.102762,0.794688,1.996190,2,0.008751,0.511658,1.736314,2,-0.074866,0.300748,1.698743,2,-0.004737,0.091211,1.651007,1,0.005848,0.052743,1.687740,1,0.245160,0.524112,1.789462,2,0.384556,0.261188,1.838373,2,0.423899,0.010735,1.856845,2,0.417741,-0.040815,1.865065,2,0.072551,-0.052490,1.770393,2,0.080317,-0.396565,1.935834,1,0.276062,-0.695422,1.819450,2,0.239900,-0.659679,1.662722,2,0.226087,-0.053176,1.786122,2,0.158306,-0.424743,1.773232,2,0.142585,-0.656239,1.512246,2,0.137753,-0.736529,1.480167,2,0.116918,0.591503,1.864148,2,0.017521,0.002949,1.676173,2,0.051460,0.033632,1.634158,2,0.411492,-0.115740,1.874294,2,0.469982,-0.046498,1.855167,2,
00_00_00_0172,0.139270,-0.049068,1.844396,2,0.125353,0.322505,1.868827,2,0.107504,0.673329,1.877278,2,0.084547,0.782415,2.020545,2,0.004329,0.509690,1.758124,2,-0.079343,0.298804,1.721835,2,-0.004876,0.091035,1.673060,1,0.005136,0.054735,1.715852,1,0.239510,0.529650,1.809791,2,0.382441,0.277583,1.885696,2,0.434552,0.011301,1.936943,2,0.435643,-0.037245,1.953345,2,0.059005,-0.051043,1.798823,2,0.098457,-0.380792,1.842040,2,0.264877,-0.739208,1.817203,2,0.202946,-0.691451,1.673335,2,0.213531,-0.045013,1.814885,2,0.214154,-0.408760,1.845561,2,0.198221,-0.640197,1.584774,1,0.100769,-0.699707,1.567383,2,0.113952,0.589956,1.876618,2,0.020240,0.005274,1.702310,2,0.048842,0.036995,1.667957,2,0.430926,-0.112100,1.970625,2,0.480235,-0.026963,1.942049,2,
00_00_00_0173,0.123183,-0.043176,1.879811,2,0.110193,0.349093,1.934160,2,0.099210,0.722764,1.970627,2,0.029283,0.834292,2.085547,2,0.001882,0.514298,1.786360,2,-0.081841,0.305473,1.736044,2,-0.036003,0.087350,1.703234,2,-0.017747,0.102885,1.754908,2,0.228489,0.538582,1.838449,2,0.375075,0.296505,1.932125,2,0.440127,0.022081,2.022941,2,0.446367,-0.023895,2.044121,2,0.041749,-0.045577,1.835164,2,0.034237,-0.371628,1.873426,2,0.003920,-0.760189,1.767302,1,0.065796,-0.706543,1.658203,2,0.199692,-0.039114,1.848502,2,0.213726,-0.422937,1.858056,2,0.088719,-0.656919,1.688652,2,0.111155,-0.690664,1.555963,1,0.102009,0.631593,1.963606,2,-0.026154,0.057910,1.750757,2,-0.066252,0.072718,1.702000,2,0.450139,-0.091145,2.070067,2,0.488756,0.010456,2.028576,2,
00_00_00_0174,0.109366,-0.040308,1.910176,2,0.101663,0.351319,1.954784,2,0.092433,0.725424,1.989079,2,0.021070,0.835259,2.104819,2,-0.001718,0.516590,1.810454,2,-0.084917,0.308228,1.756992,2,-0.044800,0.088085,1.738455,2,-0.024582,0.103052,1.784291,1,0.203065,0.544178,1.863639,2,0.353403,0.313445,1.974121,2,0.431494,0.056988,2.096118,2,0.449100,0.004352,2.119123,1,0.030233,-0.043647,1.858659,2,-0.012573,-0.378050,1.941826,2,0.046234,-0.666068,1.809038,2,0.072043,-0.700374,1.676723,2,0.183861,-0.035211,1.887182,2,0.211379,-0.424409,1.866982,2,0.237435,-0.730838,1.835803,2,0.259726,-0.764339,1.704067,2,0.094808,0.634133,1.982589,2,-0.028821,0.061027,1.780307,2,-0.071150,0.060189,1.786500,2,0.464247,-0.065856,2.159150,2,0.487335,0.044054,2.106616,2,
00_00_00_0175,0.101612,-0.041384,1.948383,2,0.090256,0.351430,1.993433,2,0.079381,0.726970,2.023647,2,0.029008,0.837941,2.154234,2,-0.010003,0.509444,1.835371,2,-0.084997,0.295513,1.800597,2,-0.056650,0.074499,1.769779,2,-0.034126,0.083859,1.821771,1,0.190000,0.547360,1.887133,2,0.343501,0.330958,2.016195,2,0.429402,0.090637,2.160579,2,0.450015,0.038025,2.190846,2,0.023058,-0.046636,1.897648,2,-0.018855,-0.382237,2.009248,2,0.016766,-0.697124,1.927283,2,0.042067,-0.731683,1.794651,2,0.176323,-0.034566,1.922696,2,0.204892,-0.420313,1.887807,2,0.237970,-0.733660,1.840752,2,0.259172,-0.767206,1.708786,2,0.082121,0.635295,2.018173,2,-0.026409,0.038987,1.812613,2,-0.080534,0.057548,1.794000,2,0.466778,-0.022168,2.242259,2,0.489230,0.046057,2.189111,2,
00_00_00_0176,0.095020,-0.040255,1.979260,2,0.083286,0.350299,2.018938,2,0.071411,0.724167,2.046947,2,0.020651,0.845730,2.164114,2,-0.016576,0.505939,1.864141,2,-0.089153,0.294929,1.805518,2,-0.057665,0.073599,1.800034,2,-0.034313,0.090114,1.850500,1,0.178621,0.546510,1.917718,2,0.331580,0.338287,2.057938,2,0.423545,0.111855,2.218114,2,0.445109,0.064271,2.260581,2,0.018657,-0.045559,1.927234,2,-0.032809,-0.387707,2.071771,2,-0.020430,-0.721304,2.036741,2,0.006800,-0.756096,1.904394,2,0.167436,-0.033401,1.956185,2,0.167985,-0.404566,1.933705,2,0.238191,-0.733922,1.841141,2,0.260668,-0.767465,1.709544,2,0.074392,0.632856,2.042048,2,-0.035830,0.046434,1.841530,2,-0.085210,0.058051,1.824818,2,0.464718,0.002522,2.309939,2,0.482459,0.067945,2.259462,2,
00_00_00_0177,0.087888,-0.043512,2.012770,2,0.071295,0.345760,2.053012,2,0.054885,0.718626,2.079928,2,0.014046,0.842607,2.199630,2,-0.028719,0.496632,1.893279,2,-0.097136,0.280842,1.858649,2,-0.057477,0.062466,1.821359,2,-0.013960,0.019689,1.876396,1,0.160601,0.548193,1.943743,2,0.315283,0.350263,2.094459,2,0.406936,0.137019,2.270450,2,0.432634,0.097307,2.312653,2,0.012380,-0.050784,1.962305,2,-0.042906,-0.390071,2.113344,2,-0.053017,-0.713267,2.152211,2,-0.027254,-0.748826,2.019155,2,0.160113,-0.034682,1.987313,2,0.202595,-0.398303,1.926287,2,0.237915,-0.734100,1.842010,2,0.258419,-0.767700,1.709938,2,0.059009,0.627539,2.075294,2,-0.000730,-0.025289,1.874977,2,-0.069373,0.035333,1.884305,2,0.455372,0.036969,2.360452,2,0.458072,0.146946,2.273693,2,
00_00_00_0178,0.081528,-0.049796,2.046810,2,0.061004,0.338886,2.087669,2,0.040517,0.711360,2.115934,2,-0.001910,0.844362,2.219328,2,-0.035870,0.484850,1.925038,2,-0.104777,0.272032,1.871411,2,-0.060663,0.053173,1.852403,1,-0.015730,0.013684,1.909893,1,0.131531,0.546929,1.983315,2,0.295412,0.354930,2.131957,2,0.392191,0.153737,2.317966,2,0.417606,0.111911,2.364945,2,0.008506,-0.058499,1.993290,2,-0.051754,-0.410533,2.163538,2,-0.101736,-0.732049,2.263600,2,-0.069490,-0.767573,2.132001,2,0.151204,-0.039154,2.025165,2,0.204721,-0.395807,1.932225,2,0.238041,-0.734377,1.843468,2,0.264314,-0.767686,1.712911,2,0.045625,0.620322,2.111032,2,-0.008045,-0.028367,1.909548,2,-0.055650,-0.010714,1.922222,2,0.431848,0.049470,2.408460,2,0.443959,0.166468,2.316200,2,
00_00_00_0179,0.076608,-0.058205,2.085040,2,0.051215,0.331496,2.122770,2,0.026622,0.705312,2.147752,2,-0.026232,0.829024,2.259490,2,-0.051644,0.478880,1.961524,2,-0.118344,0.265200,1.909945,2,-0.075311,0.046576,1.884272,1,-0.025100,0.009144,1.949128,1,0.127529,0.536581,2.009575,2,0.293774,0.351073,2.162527,2,0.382090,0.157497,2.359459,2,0.397851,0.121684,2.409190,2,0.002254,-0.068150,2.031674,2,-0.058289,-0.418675,2.205127,2,-0.115878,-0.721788,2.343827,2,-0.089980,-0.758144,2.210408,2,0.148096,-0.046099,2.062416,2,0.208758,-0.395114,1.944275,2,0.238804,-0.734599,1.847372,2,0.258557,-0.768266,1.715136,2,0.032711,0.613925,2.143606,2,-0.008507,-0.034685,1.945073,2,-0.063543,0.028140,1.952809,2,0.400617,0.064471,2.455890,2,0.421072,0.148369,2.362900,2,
00_00_00_0180,0.066808,-0.068688,2.121754,2,0.039290,0.319494,2.152120,2,0.012777,0.692417,2.170567,2,-0.036043,0.811698,2.291387,2,-0.063566,0.471268,1.991102,2,-0.128164,0.258343,1.932996,2,-0.083832,0.039792,1.912389,1,-0.031404,0.004729,1.983474,1,0.122367,0.523498,2.057082,2,0.289077,0.339639,2.210880,2,0.358113,0.149405,2.417700,2,0.377072,0.147074,2.426443,2,-0.008423,-0.078518,2.069125,2,-0.059326,-0.430639,2.246071,2,-0.120974,-0.736373,2.406344,2,-0.085952,-0.772535,2.275477,1,0.139512,-0.056480,2.098914,2,0.207024,-0.401344,1.963742,2,0.237525,-0.733398,1.853244,2,0.226068,-0.808920,1.851175,2,0.019305,0.601195,2.168036,2,-0.016715,-0.039825,1.980637,2,-0.065215,0.029235,1.979059,2,0.381279,0.084112,2.484110,2,0.405681,0.198713,2.354833,2,
00_00_00_0181,0.053298,-0.071305,2.166303,2,0.019954,0.311210,2.199069,2,-0.011865,0.679104,2.216869,2,-0.056336,0.812632,2.315988,2,-0.090405,0.462182,2.038314,2,-0.145785,0.247966,1.975196,2,-0.099840,0.029910,1.953939,1,-0.041970,-0.005810,2.024440,1,0.107097,0.524081,2.097251,2,0.285413,0.341436,2.240466,2,0.350294,0.151369,2.448675,2,0.361090,0.114581,2.503457,1,-0.020058,-0.080203,2.105975,2,-0.061457,-0.409407,2.266670,2,-0.115074,-0.731326,2.409553,2,-0.086066,-0.767746,2.276904,1,0.125323,-0.059890,2.149242,2,0.202463,-0.410288,1.994544,2,0.237912,-0.732671,1.858310,2,0.222096,-0.811785,1.841428,2,-0.004033,0.589071,2.214631,2,-0.024267,-0.047668,2.020502,2,-0.076918,0.017142,2.024077,2,0.365773,0.078438,2.536359,2,0.384479,0.125013,2.462584,2,
00_00_00_0182,0.040159,-0.069141,2.206546,2,0.004477,0.310012,2.233299,2,-0.030661,0.674990,2.248884,2,-0.073655,0.813084,2.337466,2,-0.111044,0.453733,2.074087,2,-0.164528,0.240450,2.005894,2,0.049924,0.185290,1.970823,2,0.094042,0.167295,2.049461,1,0.091888,0.516201,2.130402,2,0.277693,0.335690,2.267373,2,0.339353,0.147399,2.458916,2,0.339925,0.111808,2.521281,1,-0.035125,-0.077614,2.155458,2,-0.064427,-0.411810,2.311663,2,-0.099423,-0.726345,2.421134,2,-0.072369,-0.763031,2.288064,2,0.113893,-0.058242,2.182715,2,0.197485,-0.431903,2.018636,2,0.240441,-0.732814,1.864298,2,0.261645,-0.766691,1.732447,2,-0.021997,0.585647,2.247150,2,0.138866,0.147959,2.048373,2,0.080458,0.238921,2.020833,2,0.340613,0.077834,2.553379,2,0.367121,0.120961,2.495616,2,
00_00_00_0183,0.022641,-0.067590,2.247062,2,-0.017658,0.310260,2.276163,2,-0.055956,0.674065,2.290571,2,-0.110791,0.806006,2.382840,2,-0.133490,0.455946,2.118144,2,-0.179531,0.238239,2.062865,2,0.005218,0.118244,2.017419,2,0.047815,0.083592,2.083520,1,0.065009,0.512060,2.164507,2,0.259928,0.331349,2.289967,2,0.307327,0.124816,2.487962,2,0.323022,0.092225,2.532561,1,-0.050472,-0.076642,2.188835,2,-0.072799,-0.408784,2.353662,2,-0.090251,-0.720679,2.435812,2,-0.067284,-0.757636,2.301828,2,0.095173,-0.056225,2.229482,2,0.188697,-0.435128,2.069420,2,0.243389,-0.722097,1.881856,2,0.260621,-0.756391,1.749031,2,-0.046576,0.584972,2.289227,2,0.082032,0.053342,2.075768,2,0.066004,0.147114,2.062695,2,0.321627,0.060529,2.553478,2,0.352837,0.098957,2.505500,2,
00_00_00_0184,0.015417,-0.065801,2.284487,2,-0.028531,0.312534,2.309112,2,-0.071274,0.677188,2.322340,2,-0.129415,0.811121,2.404209,2,-0.143804,0.455556,2.153714,2,-0.197343,0.238445,2.106421,2,-0.082770,0.281096,1.911494,2,-0.044909,0.295811,1.850602,1,0.059942,0.512950,2.210055,2,0.257639,0.320508,2.315787,2,0.312719,0.103513,2.501127,2,0.313694,0.065670,2.531712,1,-0.061825,-0.076043,2.237749,2,-0.078598,-0.385839,2.381508,2,-0.091160,-0.714593,2.440379,2,-0.063961,-0.751488,2.307349,2,0.091329,-0.053721,2.257111,2,0.177324,-0.403849,2.143873,2,0.238519,-0.684608,1.932015,2,0.232773,-0.718390,1.814613,2,-0.060755,0.587852,2.321189,2,-0.010167,0.264292,1.843013,1,-0.025573,0.356454,1.830065,1,0.323857,0.044771,2.543727,2,0.343909,0.078591,2.506167,2,
00_00_00_0185,0.010841,-0.058255,2.316943,2,-0.040350,0.317514,2.342174,2,-0.090131,0.679668,2.354547,2,-0.146309,0.809158,2.451108,2,-0.160809,0.462780,2.200522,2,-0.222780,0.247403,2.158758,2,-0.100946,0.328813,1.982349,1,-0.060711,0.356460,1.927614,1,0.052421,0.517889,2.239030,2,0.216020,0.297884,2.349587,2,0.304400,0.081621,2.493418,2,0.297767,0.036444,2.507007,1,-0.066229,-0.069466,2.263595,2,-0.085584,-0.371566,2.408542,2,-0.091036,-0.709677,2.443477,2,-0.072855,-0.747049,2.308685,2,0.087658,-0.045455,2.294150,2,0.174092,-0.408087,2.206417,2,0.239090,-0.687191,1.946184,2,0.163033,-0.729447,1.940909,1,-0.077862,0.590938,2.353626,2,-0.025906,0.324698,1.920076,1,-0.041204,0.416517,1.907182,1,0.283144,0.005060,2.533754,2,0.326324,0.044726,2.486600,2,
00_00_00_0186,0.009692,-0.047229,2.356051,2,-0.047803,0.327716,2.379282,2,-0.103359,0.689547,2.390242,2,-0.156629,0.828155,2.461454,2,-0.175797,0.473530,2.237892,2,-0.219876,0.236752,2.251376,2,-0.274115,0.289194,2.033851,2,-0.292631,0.307142,1.965428,1,0.042307,0.528607,2.282433,2,0.215931,0.300481,2.363063,2,0.280365,0.056344,2.452021,2,0.276869,0.013743,2.466838,1,-0.070488,-0.054502,2.314481,2,-0.089541,-0.369005,2.421596,2,-0.090891,-0.707426,2.446075,2,-0.070278,-0.744734,2.311666,2,0.088882,-0.038363,2.321551,2,0.161614,-0.385579,2.292521,2,0.232749,-0.692439,2.031885,2,0.163205,-0.625530,1.956544,2,-0.089726,0.600866,2.389708,2,-0.256622,0.275695,1.957967,1,-0.270322,0.367908,1.945127,1,0.257883,-0.023582,2.472515,2,0.313589,0.014863,2.450000,2,
00_00_00_0187,0.010728,-0.035642,2.395633,2,-0.051831,0.340827,2.416812,2,-0.112107,0.704117,2.425264,2,-0.176922,0.836807,2.499310,2,-0.187775,0.491058,2.275718,2,-0.253770,0.276404,2.239856,2,-0.293398,0.376880,2.037382,1,-0.307093,0.410924,1.973948,1,0.038986,0.536204,2.308367,2,0.213129,0.300010,2.367481,2,0.273930,0.056456,2.429131,2,0.262803,0.016974,2.429882,2,-0.069541,-0.043827,2.343820,2,-0.082719,-0.363008,2.431790,2,-0.090589,-0.705135,2.451115,2,-0.075034,-0.742830,2.315999,2,0.090586,-0.026841,2.372005,2,0.154672,-0.378141,2.355095,2,0.207252,-0.687408,2.093008,2,0.145142,-0.579102,2.074219,2,-0.097328,0.615051,2.425325,2,-0.271036,0.378967,1.966599,1,-0.284662,0.470499,1.953883,1,0.260680,-0.038179,2.441093,2,0.308375,0.028837,2.414143,2,
00_00_00_0188,0.007447,-0.025734,2.425990,2,-0.056407,0.350021,2.443153,2,-0.117840,0.712745,2.447802,2,-0.173577,0.846751,2.533250,2,-0.199194,0.503285,2.310918,2,-0.271417,0.289926,2.292200,2,-0.324945,0.354324,2.078041,1,-0.343303,0.376344,2.010716,1,0.028706,0.542161,2.337222,2,0.201302,0.297999,2.371945,2,0.249861,0.049177,2.385641,2,0.250877,0.018452,2.394392,2,-0.072618,-0.033015,2.380679,2,-0.079656,-0.361923,2.444698,2,-0.090336,-0.705409,2.453194,2,-0.077121,-0.743384,2.317904,2,0.087330,-0.017797,2.396198,2,0.147118,-0.369477,2.417667,2,0.174810,-0.685841,2.181590,2,0.134079,-0.593851,2.114781,2,-0.102801,0.623827,2.448840,2,-0.307092,0.344602,2.003348,1,-0.320506,0.436409,1.990613,1,0.246435,-0.026354,2.400338,2,0.299873,0.024292,2.398700,2,
00_00_00_0189,0.003081,-0.011283,2.470703,2,-0.057019,0.361380,2.481021,2,-0.115619,0.721569,2.479126,2,-0.173266,0.858190,2.550740,2,-0.208897,0.514979,2.342664,2,-0.289452,0.302985,2.333656,2,-0.347667,0.355923,2.117525,1,-0.367611,0.374131,2.049541,1,0.025545,0.546908,2.359828,2,0.185718,0.291201,2.377116,2,0.231223,0.071041,2.368084,2,0.224892,0.032260,2.370056,2,-0.075109,-0.017606,2.425572,2,-0.087592,-0.364539,2.458043,2,-0.090815,-0.706125,2.457148,2,-0.081257,-0.744641,2.321746,2,0.081238,-0.004744,2.439658,2,0.137110,-0.391135,2.453965,2,0.151348,-0.733311,2.310500,2,0.106731,-0.620565,2.209623,2,-0.101201,0.633229,2.481757,2,-0.331318,0.342441,2.042180,1,-0.344613,0.434308,2.029453,1,0.218982,-0.022028,2.380210,2,0.286287,0.035777,2.370389,2,
00_00_00_0190,-0.005822,-0.005097,2.503041,2,-0.064599,0.369632,2.515024,2,-0.121294,0.731743,2.513980,2,-0.151803,0.876885,2.587474,2,-0.216227,0.526032,2.375897,2,-0.306000,0.306885,2.379548,2,-0.364148,0.359813,2.163424,1,-0.384088,0.378012,2.095442,1,0.027596,0.550784,2.388825,2,0.174794,0.285275,2.383209,2,0.219751,0.069722,2.342113,2,0.213081,0.039553,2.348289,2,-0.083149,-0.009220,2.460561,2,-0.084569,-0.364831,2.474082,2,-0.091042,-0.707206,2.460160,2,-0.083180,-0.745773,2.324660,2,0.071625,-0.000627,2.470243,2,0.122459,-0.365883,2.542763,2,0.119775,-0.627565,2.379394,2,0.124531,-0.666921,2.243698,2,-0.107402,0.642940,2.516499,2,-0.347759,0.346349,2.088083,1,-0.360997,0.438241,2.075361,1,0.198554,-0.016823,2.383959,2,0.268327,0.039057,2.352923,2,
00_00_00_0191,-0.013613,-0.000728,2.524377,2,-0.069359,0.373064,2.536452,2,-0.123292,0.734436,2.536239,2,-0.148721,0.879678,2.613478,2,-0.218415,0.528682,2.406959,2,-0.311284,0.309549,2.434759,2,-0.369418,0.362475,2.218642,1,-0.389348,0.380665,2.150664,1,0.019495,0.556968,2.416703,2,0.163707,0.289728,2.390716,2,0.196607,0.055354,2.339120,2,0.190593,0.038507,2.329746,2,-0.091588,-0.006871,2.479421,2,-0.089074,-0.373606,2.491574,2,-0.091790,-0.707874,2.460950,2,-0.085376,-0.746498,2.325398,2,0.064901,0.005647,2.493751,2,0.103433,-0.366215,2.605303,2,0.109387,-0.691557,2.476922,2,0.069272,-0.656095,2.358686,2,-0.110074,0.645794,2.538470,2,-0.353046,0.349039,2.143292,1,-0.366307,0.440971,2.130561,1,0.184945,-0.001700,2.348131,2,0.237745,0.042483,2.325000,2,
00_00_00_0192,-0.024024,-0.000712,2.560763,2,-0.067976,0.375168,2.579153,2,-0.108616,0.739012,2.586292,2,-0.164312,0.871783,2.598551,2,-0.222914,0.528304,2.441611,2,-0.321269,0.312468,2.454172,2,-0.379368,0.365389,2.238041,1,-0.399299,0.383577,2.170057,1,0.015459,0.554033,2.439976,2,0.159323,0.294212,2.398283,2,0.175855,0.078615,2.335174,2,0.172015,0.070139,2.327684,2,-0.103815,-0.006975,2.520191,2,-0.088742,-0.384406,2.509452,2,-0.095676,-0.710627,2.461023,2,-0.094173,-0.749154,2.325347,2,0.056363,0.005597,2.525778,2,0.086980,-0.374777,2.660000,2,0.075747,-0.658740,2.564506,2,0.074817,-0.698320,2.428532,2,-0.098639,0.649778,2.587606,2,-0.362747,0.351936,2.162519,1,-0.376190,0.443891,2.149965,1,0.162639,0.013099,2.331806,2,0.207105,0.033928,2.341700,2,
00_00_00_0193,-0.039638,-0.001132,2.580839,2,-0.075236,0.376026,2.602581,2,-0.109148,0.741072,2.613961,2,-0.167164,0.878703,2.656617,2,-0.224625,0.532501,2.480491,2,-0.336650,0.317823,2.512859,2,-0.394705,0.370742,2.296698,1,-0.414632,0.388924,2.228705,1,0.008916,0.555678,2.472329,2,0.153509,0.298809,2.407587,2,0.171058,0.084300,2.340322,2,0.158352,0.072549,2.338634,2,-0.119370,-0.007345,2.541126,2,-0.070802,-0.382502,2.562293,2,-0.097693,-0.709607,2.462974,2,-0.099043,-0.748111,2.327337,2,0.041315,0.005126,2.544771,2,0.066874,-0.363065,2.708390,2,0.079616,-0.686912,2.674404,2,0.075797,-0.726449,2.538473,2,-0.100864,0.651430,2.612761,2,-0.378288,0.357332,2.221336,1,-0.391475,0.449291,2.208612,1,0.141917,0.016209,2.336723,2,0.197713,0.037886,2.350800,2,
00_00_00_0194,-0.043720,-0.012531,2.626250,2,-0.073784,0.364755,2.636415,2,-0.104175,0.730704,2.635636,2,-0.129657,0.865334,2.741028,2,-0.227075,0.532401,2.516186,2,-0.338757,0.316957,2.535031,2,-0.396816,0.369890,2.318846,1,-0.416742,0.388071,2.250846,1,0.009771,0.546656,2.500690,2,0.147470,0.292958,2.422434,2,0.160329,0.079631,2.349705,2,0.146209,0.070307,2.355273,2,-0.122518,-0.011354,2.587362,2,-0.122233,-0.356741,2.519340,2,-0.099784,-0.710082,2.463419,2,-0.103616,-0.749275,2.328244,2,0.036219,-0.013830,2.590434,2,0.061570,-0.379276,2.757947,2,0.071415,-0.706358,2.777945,2,0.065228,-0.746674,2.642448,2,-0.096563,0.640706,2.637910,2,-0.380423,0.356755,2.242737,1,-0.393603,0.448485,2.230742,1,0.129836,0.012251,2.347194,2,0.181524,0.034909,2.350600,2,
00_00_00_0195,-0.049354,-0.014938,2.643297,2,-0.074788,0.360133,2.664739,2,-0.096825,0.722706,2.676702,2,-0.113542,0.864807,2.766068,2,-0.225398,0.531480,2.547827,2,-0.341458,0.311002,2.591022,2,-0.399523,0.363975,2.374819,1,-0.419443,0.382147,2.306818,1,0.017886,0.537611,2.537263,2,0.132677,0.288002,2.460298,2,0.146880,0.078697,2.375554,2,0.137923,0.061931,2.377905,2,-0.127505,-0.013439,2.607663,2,-0.123975,-0.356209,2.523422,2,-0.101261,-0.712908,2.463838,2,-0.102426,-0.751312,2.328228,2,0.030491,-0.016084,2.603528,2,0.057813,-0.376975,2.778161,2,0.065946,-0.680848,2.881612,2,0.062503,-0.721018,2.745518,2,-0.091725,0.633747,2.675682,2,-0.383143,0.350647,2.299423,1,-0.396376,0.442716,2.286675,1,0.113784,0.004731,2.370262,2,0.174596,0.031419,2.372428,2,
00_00_00_0196,-0.058699,-0.023546,2.689444,2,-0.073844,0.350964,2.705530,2,-0.089480,0.714214,2.708535,2,-0.104308,0.860544,2.780403,2,-0.216768,0.528223,2.593269,2,-0.343224,0.303718,2.616754,2,-0.378704,0.412021,2.417803,1,-0.391082,0.448631,2.355549,1,0.017614,0.526317,2.568551,2,0.131145,0.287224,2.477708,2,0.138040,0.071075,2.414650,2,0.131796,0.049753,2.411069,2,-0.135389,-0.020156,2.654526,2,-0.130052,-0.357353,2.535530,2,-0.101669,-0.712041,2.464660,2,-0.108861,-0.750992,2.329671,2,0.019703,-0.026234,2.648508,2,0.044408,-0.388733,2.820421,2,0.055698,-0.676650,2.971527,2,0.046370,-0.717643,2.835987,2,-0.085566,0.624960,2.710032,2,-0.354952,0.416884,2.348169,1,-0.368396,0.508618,2.335443,1,0.107380,-0.013179,2.407160,2,0.169026,0.015919,2.405500,2,
00_00_00_0197,-0.062418,-0.029761,2.712005,2,-0.073936,0.340498,2.735064,2,-0.083739,0.698151,2.747350,2,-0.093872,0.835983,2.847800,2,-0.217654,0.518699,2.624907,2,-0.340521,0.297716,2.653702,2,-0.374580,0.394115,2.448113,1,-0.386473,0.426740,2.383652,1,0.022188,0.514572,2.609542,2,0.125970,0.274978,2.530787,2,0.129718,0.059886,2.463677,2,0.126114,0.032677,2.451178,2,-0.140081,-0.026593,2.677103,2,-0.136530,-0.358595,2.560272,2,-0.102357,-0.709720,2.467431,2,-0.105033,-0.748128,2.331887,2,0.016984,-0.032126,2.671288,2,0.036227,-0.384719,2.858881,2,0.049166,-0.696721,3.039876,2,0.044438,-0.737079,2.903803,2,-0.081532,0.610414,2.746359,2,-0.350380,0.395106,2.376243,1,-0.363869,0.486987,2.363484,1,0.108147,-0.033672,2.446825,2,0.158970,0.031569,2.413000,2,
00_00_00_0198,-0.065702,-0.043260,2.760496,2,-0.071706,0.329519,2.783291,2,-0.077548,0.691369,2.791484,2,-0.078038,0.838432,2.857090,2,-0.206352,0.513943,2.662854,2,-0.336415,0.292852,2.681738,2,-0.374593,0.395372,2.480107,1,-0.387848,0.430025,2.416968,1,0.033156,0.501611,2.642778,2,0.122068,0.267061,2.568683,2,0.120844,0.048039,2.520082,2,0.123912,0.011912,2.499383,2,-0.143514,-0.034347,2.720504,2,-0.139228,-0.364030,2.583175,2,-0.103279,-0.704475,2.472548,2,-0.107544,-0.743117,2.337142,2,0.014135,-0.050492,2.722012,2,0.033407,-0.404497,2.906868,2,0.032314,-0.692581,3.051153,2,0.026186,-0.733159,2.915224,2,-0.076116,0.602439,2.791855,2,-0.351774,0.398403,2.409553,1,-0.365282,0.490296,2.396790,1,0.105383,-0.053586,2.507725,2,0.146524,0.012221,2.454226,2,
00_00_00_0199,-0.066473,-0.045931,2.806010,2,-0.067006,0.329132,2.827041,2,-0.066892,0.693210,2.837551,2,-0.057760,0.839401,2.905197,2,-0.206520,0.507976,2.708572,2,-0.330903,0.277279,2.723552,2,-0.369207,0.378351,2.521137,1,-0.382487,0.412490,2.457744,1,0.032486,0.499350,2.693101,2,0.125784,0.241788,2.622647,2,0.124799,0.023468,2.571059,2,0.124220,-0.006700,2.558670,2,-0.143312,-0.038153,2.771359,2,-0.143828,-0.369191,2.615357,2,-0.104925,-0.702718,2.476099,2,-0.107386,-0.741325,2.340563,2,0.012200,-0.052602,2.766738,2,0.022197,-0.408561,2.949058,2,0.020794,-0.694831,3.067539,2,0.086726,-0.746153,3.063801,2,-0.067051,0.603676,2.837013,2,-0.346462,0.380970,2.450302,1,-0.360028,0.472992,2.437509,1,0.110624,-0.076516,2.562185,2,0.158162,-0.002999,2.506706,2,
00_00_00_0200,-0.063188,-0.045354,2.838894,2,-0.062189,0.328645,2.865271,2,-0.061043,0.691732,2.877288,2,-0.070683,0.827276,2.981387,2,-0.194750,0.507172,2.747131,2,-0.318955,0.279636,2.746239,2,-0.356746,0.382249,2.544535,1,-0.369834,0.416903,2.481381,1,0.041491,0.499187,2.737921,2,0.128495,0.212284,2.677545,2,0.128648,-0.007137,2.633747,2,0.125263,-0.025088,2.629815,2,-0.141221,-0.037331,2.796725,2,-0.146156,-0.370255,2.662490,2,-0.111154,-0.690078,2.490126,2,-0.110806,-0.728665,2.354379,2,0.016567,-0.052283,2.804960,2,0.021831,-0.406380,2.990191,2,0.019131,-0.684197,3.076123,2,0.073620,-0.745633,3.073790,2,-0.061361,0.602438,2.876735,2,-0.333876,0.385381,2.473927,1,-0.347528,0.477396,2.461124,1,0.115053,-0.099990,2.635717,2,0.157500,-0.025556,2.582047,2,
00_00_00_0201,-0.057803,-0.042844,2.893232,2,-0.058394,0.331577,2.915490,2,-0.058826,0.695181,2.922815,2,-0.039480,0.836165,3.008042,2,-0.186798,0.509027,2.779466,2,-0.305686,0.290328,2.782028,2,-0.344624,0.391007,2.579539,1,-0.358068,0.425025,2.516127,1,0.058855,0.494194,2.781739,2,0.129994,0.200663,2.742049,2,0.137611,-0.020090,2.712403,2,0.132664,-0.040523,2.710208,2,-0.135052,-0.034430,2.852183,2,-0.153128,-0.367655,2.722489,2,-0.126107,-0.668586,2.528061,2,-0.120239,-0.707606,2.392290,2,0.020956,-0.050137,2.858577,2,0.025823,-0.365273,3.023431,2,0.018551,-0.677698,3.088773,2,0.067555,-0.745907,3.079839,2,-0.058779,0.605744,2.923213,2,-0.322181,0.393494,2.508663,1,-0.335921,0.485493,2.495851,1,0.121414,-0.115802,2.716528,2,0.163336,-0.047506,2.664300,2,
00_00_00_0202,-0.050521,-0.038919,2.928348,2,-0.051965,0.337314,2.948855,2,-0.052835,0.703256,2.958040,2,-0.050465,0.844320,3.048003,2,-0.186171,0.517520,2.816437,2,-0.301163,0.296314,2.805900,2,-0.339953,0.398092,2.603940,1,-0.353337,0.432482,2.540704,1,0.069030,0.488449,2.825862,2,0.139522,0.207180,2.808246,2,0.143743,-0.014339,2.798158,2,0.138628,-0.043104,2.801698,2,-0.128104,-0.032716,2.885904,2,-0.153561,-0.386138,2.784968,2,-0.127748,-0.674857,2.532598,2,-0.123197,-0.757722,2.476613,2,0.028389,-0.044004,2.895219,2,0.018075,-0.364678,3.049221,2,0.015065,-0.671071,3.094755,2,0.063765,-0.740371,3.083494,2,-0.052652,0.613224,2.958071,2,-0.317484,0.400939,2.533238,1,-0.331266,0.492919,2.520423,1,0.129624,-0.119669,2.812413,2,0.167415,-0.050612,2.752667,2,
00_00_00_0203,-0.048198,-0.025444,2.960231,2,-0.049174,0.350080,2.985272,2,-0.049954,0.714622,2.996746,2,-0.041488,0.850417,3.099722,2,-0.187741,0.524347,2.847120,2,-0.296381,0.316325,2.844219,2,-0.335193,0.417373,2.641867,1,-0.348571,0.451541,2.578499,1,0.069683,0.514158,2.868930,2,0.148299,0.222784,2.875947,2,0.142741,-0.017896,2.904304,2,0.148927,-0.047640,2.902319,2,-0.126096,-0.022618,2.914751,2,-0.167267,-0.372036,2.869001,2,-0.145689,-0.649595,2.588478,2,-0.176099,-0.764336,2.558253,2,0.030943,-0.027321,2.930122,2,0.014514,-0.305423,3.058700,2,0.015399,-0.670423,3.096747,2,0.062942,-0.741268,3.082766,2,-0.049801,0.624925,2.996138,2,-0.312762,0.419950,2.571035,1,-0.326594,0.511862,2.558225,1,0.140151,-0.093369,2.921150,2,0.181829,-0.056357,2.855636,2,
00_00_00_0204,-0.050890,-0.015104,3.001743,2,-0.050485,0.359473,3.016732,2,-0.050185,0.723653,3.020868,2,-0.058753,0.854181,3.134618,2,-0.185723,0.533391,2.882205,2,-0.294939,0.327056,2.864732,2,-0.333770,0.428527,2.662639,1,-0.347148,0.462847,2.599358,1,0.070267,0.521642,2.900295,2,0.155131,0.253402,2.946877,2,0.171906,0.038058,2.983647,2,0.166212,-0.014836,3.002562,2,-0.129764,-0.016374,2.956182,2,-0.169303,-0.361197,2.947172,2,-0.159961,-0.679082,2.692419,2,-0.147695,-0.718572,2.557039,2,0.029270,-0.013313,2.971754,2,0.030653,-0.351520,3.082062,2,0.015705,-0.670005,3.100452,2,0.062054,-0.742532,3.082597,2,-0.050275,0.634064,3.022036,2,-0.311358,0.431228,2.591896,1,-0.325211,0.523099,2.579090,1,0.161062,-0.079953,3.014482,2,0.198186,-0.030319,2.966357,2,
00_00_00_0205,-0.065792,-0.004650,3.032272,2,-0.065130,0.374280,3.060181,2,-0.062026,0.741447,3.071352,2,-0.059064,0.875925,3.177871,2,-0.184271,0.543616,2.914606,2,-0.293359,0.335901,2.896237,2,-0.332183,0.437169,2.694025,1,-0.345553,0.471428,2.630704,1,0.073501,0.536269,2.948982,2,0.168290,0.263008,3.019119,2,0.181239,0.033317,3.094720,2,0.181451,0.000281,3.112400,2,-0.144064,-0.005648,2.985304,2,-0.187226,-0.342194,3.021430,2,-0.157620,-0.665841,2.775990,2,-0.165174,-0.750184,2.754863,2,0.014160,-0.003572,3.003479,2,0.013328,-0.347402,3.083230,2,0.015996,-0.671379,3.103508,2,0.061300,-0.744700,3.084622,2,-0.062915,0.651161,3.071073,2,-0.309787,0.439798,2.623241,1,-0.323668,0.531652,2.610435,1,0.173076,-0.041897,3.112125,2,0.223775,0.016869,3.094546,2,
00_00_00_0206,-0.087130,0.001886,3.064014,2,-0.075787,0.377946,3.080347,2,-0.067540,0.744286,3.087364,2,-0.068033,0.870979,3.207945,2,-0.183172,0.551153,2.941798,2,-0.289687,0.352230,2.919579,2,-0.333995,0.439231,2.711601,1,-0.349186,0.468752,2.646359,1,0.073676,0.541818,2.977055,2,0.176157,0.288569,3.087430,2,0.190668,0.083279,3.188462,2,0.191331,0.040123,3.215511,2,-0.167180,0.003943,3.019798,2,-0.203536,-0.325708,3.085911,2,-0.164712,-0.662600,2.861231,2,-0.172618,-0.745493,2.848252,1,-0.005132,0.000065,3.032806,2,0.007432,-0.343300,3.090675,2,0.015833,-0.671731,3.105080,2,0.060573,-0.745864,3.083555,2,-0.069488,0.654114,3.087774,2,-0.312979,0.437977,2.637299,1,-0.327285,0.529024,2.626083,1,0.183083,-0.006687,3.222068,2,0.239819,0.042835,3.207000,2,
00_00_00_0207,-0.092443,0.011123,3.099947,2,-0.086066,0.387138,3.120682,2,-0.079179,0.752287,3.125938,2,-0.087670,0.876943,3.249193,2,-0.186813,0.553778,2.971471,2,-0.289697,0.347348,2.959697,2,-0.328084,0.450824,2.758553,1,-0.341292,0.485824,2.695590,1,0.041799,0.565358,3.021208,2,0.166354,0.331686,3.147515,2,0.191979,0.128519,3.280250,2,0.199849,0.086135,3.314116,2,-0.170353,0.009784,3.049967,2,-0.189587,-0.334784,3.146471,2,-0.159662,-0.612448,2.959919,2,-0.134008,-0.652918,2.826302,2,-0.012588,0.012644,3.074573,2,-0.005076,-0.333886,3.105502,2,0.017663,-0.671240,3.107995,2,0.041164,-0.711386,2.974395,2,-0.080972,0.662429,3.127026,2,-0.305579,0.454186,2.688121,1,-0.319519,0.546022,2.675311,1,0.192337,0.033944,3.344817,2,0.238165,0.081942,3.298417,2,
00_00_00_0208,-0.094187,0.013370,3.125791,2,-0.093356,0.377013,3.128237,2,-0.102232,0.715607,3.121659,2,-0.084564,0.840493,3.241794,2,-0.190069,0.552008,3.000485,2,-0.290913,0.351188,2.967191,2,-0.328994,0.456376,2.766938,1,-0.342101,0.491951,2.704271,1,0.064288,0.560344,3.054532,2,0.168228,0.343830,3.217665,2,0.203363,0.138076,3.399387,2,0.209269,0.116740,3.422690,2,-0.172972,0.012643,3.080966,2,-0.206390,-0.319811,3.207039,2,-0.168484,-0.620576,3.073234,2,-0.143147,-0.661872,2.939822,2,-0.013355,0.013990,3.095285,2,-0.007752,-0.331481,3.115348,2,0.018501,-0.672968,3.109330,2,0.041643,-0.713751,2.975972,2,-0.098739,0.634653,3.127006,2,-0.306666,0.458854,2.698648,1,-0.320331,0.552110,2.683999,1,0.212834,0.081669,3.441810,2,0.251962,0.112934,3.399375,2,
00_00_00_0209,-0.096008,0.016652,3.160681,2,-0.098305,0.388242,3.185297,2,-0.099830,0.749375,3.190564,2,-0.115409,0.874593,3.311584,2,-0.188432,0.553041,3.029798,2,-0.293717,0.350228,3.013000,2,-0.326106,0.455315,2.810404,1,-0.337312,0.490848,2.746959,1,0.018079,0.590451,3.095395,2,0.143179,0.386001,3.259200,2,0.202015,0.195442,3.468287,2,0.211912,0.168782,3.501630,2,-0.172401,0.013516,3.111101,2,-0.213515,-0.318723,3.271500,2,-0.159777,-0.639600,3.176762,2,-0.126524,-0.679774,3.045099,2,-0.017693,0.019735,3.134878,2,-0.012260,-0.320476,3.144918,2,0.019492,-0.674419,3.111356,2,0.050701,-0.714050,2.979761,2,-0.099523,0.660457,3.191542,2,-0.301640,0.459227,2.739481,1,-0.315628,0.551080,2.726663,1,0.214676,0.122255,3.534207,2,0.248117,0.173803,3.472429,2,
00_00_00_0210,-0.098790,0.011284,3.196502,2,-0.105389,0.384875,3.203928,2,-0.111459,0.747206,3.204772,2,-0.133431,0.860140,3.340646,2,-0.188791,0.548213,3.059428,2,-0.290943,0.345611,3.026873,2,-0.325186,0.450367,2.825625,1,-0.337006,0.485780,2.762630,1,0.005905,0.590379,3.117597,2,0.146038,0.410905,3.295408,2,0.205085,0.248084,3.525166,2,0.220763,0.215256,3.573728,2,-0.172933,0.006093,3.144456,2,-0.213835,-0.312451,3.326207,2,-0.167241,-0.659585,3.292002,2,-0.135777,-0.700376,3.160070,2,-0.022505,0.016391,3.173012,2,-0.014969,-0.311978,3.173306,2,0.020718,-0.674517,3.114734,2,0.050106,-0.714737,2.982874,2,-0.109973,0.658017,3.206673,2,-0.301720,0.455667,2.754572,1,-0.315339,0.546077,2.742321,1,0.222484,0.164257,3.613800,2,0.251151,0.213617,3.546637,2,
00_00_00_0211,-0.099964,0.005907,3.225076,2,-0.117597,0.377986,3.255727,2,-0.134046,0.742104,3.264862,2,-0.132838,0.885369,3.343522,2,-0.196734,0.549076,3.098571,2,-0.289351,0.339286,3.054934,2,-0.321683,0.443038,2.852578,1,-0.332860,0.478104,2.789217,1,-0.009693,0.576010,3.149356,2,0.136163,0.417761,3.340066,2,0.209146,0.275269,3.578385,2,0.221782,0.233621,3.658841,2,-0.176237,-0.000991,3.173828,2,-0.203181,-0.313583,3.371347,2,-0.168790,-0.661834,3.397511,2,-0.198356,-0.737935,3.393421,2,-0.021493,0.012623,3.200819,2,0.011912,-0.307776,3.172348,2,0.020638,-0.673480,3.116071,2,0.047832,-0.712897,2.983175,2,-0.130065,0.652412,3.264880,2,-0.297224,0.446557,2.781720,1,-0.311253,0.538502,2.768883,1,0.206997,0.202694,3.688047,2,0.254202,0.226488,3.629625,2,
00_00_00_0212,-0.101025,-0.001944,3.277209,2,-0.119599,0.370470,3.281673,2,-0.136957,0.733432,3.281819,2,-0.170393,0.856730,3.399546,2,-0.205503,0.538144,3.117969,2,-0.288676,0.333034,3.067240,2,-0.323379,0.440861,2.867776,1,-0.335344,0.477275,2.805379,1,-0.026177,0.576220,3.184398,2,0.112807,0.423124,3.383225,2,0.183925,0.293580,3.628830,2,0.217323,0.246116,3.725811,1,-0.173392,-0.012074,3.224678,2,-0.190262,-0.327367,3.400378,2,-0.168983,-0.658664,3.504981,2,-0.131300,-0.699520,3.375000,2,-0.026341,0.008228,3.254068,2,0.016216,-0.307849,3.180616,2,0.021205,-0.672147,3.119146,2,0.056895,-0.712037,2.989318,2,-0.132784,0.643963,3.283835,2,-0.299706,0.445742,2.797880,1,-0.313732,0.537704,2.785040,1,0.189834,0.241354,3.744294,2,0.240680,0.236335,3.689286,2,
00_00_00_0213,-0.098455,-0.012948,3.297540,2,-0.127659,0.362343,3.320013,2,-0.158862,0.731413,3.329395,2,-0.164628,0.875042,3.404141,2,-0.218757,0.529069,3.156074,2,-0.291126,0.317885,3.122094,2,-0.318591,0.426571,2.904589,1,-0.328138,0.463247,2.836182,1,-0.067321,0.575245,3.205859,2,0.098798,0.440626,3.397737,2,0.195316,0.327072,3.642521,2,0.208441,0.283313,3.742605,1,-0.174818,-0.027949,3.251776,2,-0.177940,-0.353403,3.443388,2,-0.183364,-0.679199,3.598721,2,-0.151132,-0.719475,3.466548,2,-0.020868,0.001172,3.269176,2,0.022035,-0.310591,3.200107,2,0.022314,-0.670970,3.123664,2,0.052443,-0.710330,2.991629,2,-0.151479,0.640219,3.330509,2,-0.292540,0.431783,2.828665,1,-0.306614,0.523833,2.815806,1,0.211093,0.255197,3.761287,2,0.238544,0.269429,3.711833,2,
00_00_00_0214,-0.105223,-0.017287,3.349591,2,-0.138727,0.358234,3.360917,2,-0.170147,0.725297,3.359315,2,-0.213777,0.853939,3.460444,2,-0.230319,0.518779,3.186772,2,-0.292288,0.309170,3.121663,2,-0.317749,0.425714,2.925873,1,-0.326629,0.464995,2.864706,1,-0.069275,0.570088,3.257645,2,0.107476,0.437345,3.441922,2,0.202154,0.319062,3.685269,1,0.202552,0.285557,3.792785,2,-0.177352,-0.031330,3.285298,2,-0.174670,-0.346996,3.456001,2,-0.175571,-0.655925,3.655427,2,-0.133572,-0.696474,3.526867,2,-0.030189,-0.002127,3.330952,2,0.026145,-0.320864,3.231187,2,0.022409,-0.667515,3.132158,2,0.062407,-0.706883,3.003789,2,-0.162230,0.634881,3.361110,2,-0.291049,0.433542,2.857185,1,-0.305144,0.525603,2.844322,1,0.219193,0.263041,3.813452,2,0.227256,0.283833,3.755889,2,
00_00_00_0215,-0.106143,-0.032237,3.384372,2,-0.145948,0.340028,3.389240,2,-0.184793,0.701880,3.383954,2,-0.214165,0.841593,3.461853,2,-0.234795,0.509107,3.214092,2,-0.291669,0.297601,3.151200,2,-0.320208,0.409320,2.952882,1,-0.330111,0.446973,2.890876,1,-0.079494,0.560636,3.282778,2,0.099939,0.435656,3.469406,2,0.192214,0.319887,3.714729,1,0.204433,0.287163,3.810816,2,-0.179749,-0.050605,3.338205,2,-0.168485,-0.350588,3.507863,2,-0.171998,-0.656147,3.666927,2,-0.129917,-0.696802,3.538445,2,-0.030392,-0.013829,3.356965,2,0.026384,-0.323349,3.255184,2,0.027055,-0.664187,3.145740,2,0.067122,-0.703711,3.017440,2,-0.175357,0.612456,3.387796,2,-0.294529,0.415599,2.883341,1,-0.308619,0.507762,2.870464,1,0.199629,0.259704,3.835190,2,0.215879,0.274015,3.788273,2,
00_00_00_0216,-0.113731,-0.027872,3.434634,2,-0.162085,0.337307,3.438236,2,-0.208857,0.693786,3.429173,2,-0.255672,0.827448,3.511286,2,-0.262439,0.508491,3.265467,2,-0.290191,0.294466,3.189077,2,-0.321342,0.396834,2.985894,1,-0.332109,0.431361,2.922270,1,-0.107167,0.548059,3.326081,2,0.081092,0.429380,3.508516,2,0.167272,0.316185,3.757019,2,0.186250,0.276268,3.836181,2,-0.184431,-0.044393,3.366918,2,-0.168344,-0.358924,3.549026,2,-0.146900,-0.666275,3.680749,2,-0.108546,-0.706988,3.550893,2,-0.039155,-0.012589,3.418146,2,0.018591,-0.347628,3.290431,2,0.029541,-0.664571,3.150973,2,0.066108,-0.704237,3.021294,2,-0.197404,0.605888,3.433764,2,-0.296534,0.400060,2.914723,1,-0.310628,0.492314,2.901832,1,0.200996,0.246277,3.861543,2,0.205401,0.284070,3.803572,2,
00_00_00_0217,-0.115930,-0.054011,3.487727,2,-0.175339,0.322192,3.485334,2,-0.231720,0.689873,3.468174,2,-0.278931,0.827135,3.519702,2,-0.271469,0.507200,3.297196,2,-0.293330,0.286688,3.227482,2,-0.330730,0.383239,3.022418,1,-0.343582,0.415811,2.958169,1,-0.122428,0.542592,3.357074,2,0.071796,0.423781,3.533811,2,0.162332,0.297541,3.774912,2,0.165506,0.263440,3.826326,2,-0.191836,-0.071436,3.444494,2,-0.169026,-0.369884,3.581000,2,-0.141776,-0.666456,3.688270,2,-0.102181,-0.707345,3.559014,2,-0.037732,-0.032370,3.450345,2,0.011963,-0.359376,3.337407,2,0.036180,-0.660735,3.160940,2,0.073966,-0.700630,3.031853,2,-0.217889,0.599318,3.474514,2,-0.307981,0.384583,2.950614,1,-0.322038,0.476931,2.937714,1,0.180691,0.226653,3.875202,2,0.185442,0.253277,3.810125,2,
00_00_00_0218,-0.115657,-0.049909,3.524567,2,-0.186182,0.318801,3.514635,2,-0.257728,0.677851,3.498463,2,-0.318121,0.803485,3.587689,2,-0.293360,0.499109,3.343611,2,-0.293079,0.254808,3.271024,2,-0.328806,0.351519,3.065667,1,-0.341095,0.384098,3.001325,1,-0.137300,0.540434,3.403738,2,0.040883,0.398848,3.580911,2,0.138076,0.258701,3.812214,2,0.150866,0.243437,3.843083,2,-0.191006,-0.067296,3.478895,2,-0.170395,-0.374805,3.616775,2,-0.138041,-0.665171,3.704095,2,-0.100232,-0.706093,3.574130,2,-0.037912,-0.030997,3.498823,2,0.016039,-0.349519,3.394622,2,0.039910,-0.632147,3.202221,2,0.075915,-0.672441,3.072352,2,-0.239661,0.589569,3.504656,2,-0.305520,0.353001,2.993747,1,-0.319606,0.445516,2.980824,1,0.180477,0.220655,3.870303,2,0.173521,0.267387,3.856000,2,
00_00_00_0219,-0.130274,-0.046024,3.571311,2,-0.207778,0.318148,3.563489,2,-0.282875,0.674031,3.542514,2,-0.342720,0.804432,3.613484,2,-0.314400,0.496697,3.381922,1,-0.314051,0.260263,3.312571,2,-0.350265,0.357046,3.107368,1,-0.362737,0.389652,3.043075,1,-0.149694,0.542352,3.434268,2,0.004595,0.376891,3.613295,2,0.111914,0.205094,3.819246,2,0.134165,0.171852,3.868845,2,-0.205183,-0.063092,3.518234,2,-0.175896,-0.361362,3.642671,2,-0.139587,-0.660524,3.709331,2,-0.107680,-0.701914,3.577480,2,-0.051382,-0.028337,3.545295,2,-0.000888,-0.336271,3.495503,2,0.044160,-0.645068,3.234110,2,0.031859,-0.636169,3.104211,2,-0.264441,0.586226,3.550090,2,-0.327107,0.358556,3.035504,1,-0.341116,0.451069,3.022589,1,0.154690,0.150120,3.881819,2,0.149658,0.197233,3.842500,2,
00_00_00_0220,-0.122297,-0.041016,3.585147,2,-0.208622,0.321394,3.577821,2,-0.294278,0.676318,3.562337,2,-0.370035,0.791911,3.654701,2,-0.333131,0.501382,3.417793,2,-0.329243,0.276590,3.350460,2,-0.364791,0.372677,3.144825,1,-0.377054,0.405066,3.080385,1,-0.197821,0.546706,3.462799,2,-0.009287,0.395529,3.623134,2,0.105293,0.226031,3.827277,1,0.114702,0.143637,3.843239,1,-0.198356,-0.059883,3.539541,2,-0.188558,-0.337100,3.672410,2,-0.146098,-0.659749,3.726307,2,-0.113821,-0.700830,3.594379,2,-0.042361,-0.021134,3.556438,2,0.018459,-0.343364,3.545043,2,0.061616,-0.644680,3.274562,2,0.021385,-0.559946,3.201796,2,-0.272693,0.588765,3.568139,2,-0.341394,0.373938,3.072824,1,-0.355359,0.466403,3.059920,1,0.127382,0.101910,3.852828,2,0.128235,0.173941,3.826667,2,
00_00_00_0221,-0.131209,-0.035203,3.634228,2,-0.229202,0.318553,3.623984,2,-0.324508,0.664410,3.601120,2,-0.379728,0.796651,3.672416,2,-0.356805,0.490380,3.447128,1,-0.330208,0.275197,3.362136,2,-0.365928,0.371529,3.156653,1,-0.378248,0.403997,3.092265,1,-0.200969,0.548317,3.485124,2,-0.007461,0.439051,3.589368,1,0.044526,0.309060,3.747294,1,0.067320,0.254537,3.758484,1,-0.206679,-0.055023,3.570076,2,-0.197567,-0.327649,3.683548,2,-0.148427,-0.655999,3.732038,2,-0.183476,-0.731687,3.724970,2,-0.050939,-0.015873,3.615071,2,0.003478,-0.316797,3.634402,2,0.065082,-0.613964,3.362894,2,0.047737,-0.554022,3.247118,2,-0.301083,0.579065,3.609168,2,-0.341739,0.373789,3.083239,1,-0.356554,0.465354,3.071796,1,0.094544,0.208650,3.795815,2,0.080477,0.265650,3.750273,2,
00_00_00_0222,-0.134884,-0.030313,3.661896,2,-0.236512,0.322905,3.643654,2,-0.334843,0.668506,3.615071,2,-0.400837,0.794253,3.693828,2,-0.370870,0.494117,3.465894,1,-0.352564,0.274142,3.411380,2,-0.388322,0.371819,3.206593,1,-0.400675,0.404729,3.142435,1,-0.239803,0.547058,3.519424,2,-0.082996,0.389445,3.528500,1,-0.048706,0.270395,3.698183,1,0.032154,0.261108,3.735390,1,-0.209240,-0.050163,3.612808,2,-0.201411,-0.330138,3.705340,2,-0.151615,-0.653972,3.738787,2,-0.181630,-0.734482,3.722124,2,-0.057664,-0.009283,3.641295,2,-0.007089,-0.314978,3.681766,2,0.068813,-0.628815,3.434507,2,0.050170,-0.557728,3.331504,1,-0.310669,0.583194,3.624360,2,-0.364966,0.373632,3.134876,1,-0.378858,0.466132,3.121976,1,0.059478,0.215197,3.772723,1,0.031944,0.259403,3.711000,1,
00_00_00_0223,-0.141960,-0.028074,3.689221,2,-0.242120,0.327153,3.666190,2,-0.339249,0.673915,3.631006,2,-0.409926,0.797354,3.708752,2,-0.374726,0.498679,3.480582,1,-0.337911,0.278129,3.419537,2,-0.373684,0.374564,3.214125,1,-0.386025,0.407064,3.149761,1,-0.235001,0.544737,3.535194,2,-0.076592,0.378888,3.575756,1,-0.024343,0.249108,3.733652,1,-0.007023,0.206302,3.790402,1,-0.214933,-0.047374,3.631695,2,-0.201837,-0.329430,3.719675,2,-0.152507,-0.653126,3.741220,2,-0.114561,-0.694498,3.611367,2,-0.065055,-0.008593,3.669257,2,-0.025125,-0.311460,3.734554,2,0.070408,-0.640201,3.516256,2,0.014851,-0.537150,3.543436,2,-0.315385,0.588407,3.642025,2,-0.350366,0.375962,3.142196,1,-0.364324,0.468455,3.129289,1,0.020413,0.160559,3.827722,1,-0.006977,0.204973,3.765987,1,
00_00_00_0224,-0.144748,-0.021937,3.708513,2,-0.248831,0.332334,3.690060,2,-0.350908,0.678416,3.659953,2,-0.425365,0.801660,3.726883,2,-0.386383,0.503042,3.509942,1,-0.338469,0.280587,3.439084,1,-0.374244,0.377015,3.233673,1,-0.386583,0.409513,3.169310,1,-0.242953,0.548225,3.556125,2,-0.080019,0.381678,3.600850,1,-0.027763,0.251903,3.758747,1,-0.010443,0.209099,3.815497,1,-0.218526,-0.043144,3.651179,2,-0.195413,-0.326014,3.736343,2,-0.154588,-0.649449,3.746231,2,-0.122536,-0.691077,3.614378,2,-0.067839,0.000161,3.690966,2,-0.048788,-0.307448,3.785341,2,0.071899,-0.625513,3.567595,2,0.101720,-0.667067,3.435731,2,-0.325742,0.593047,3.669764,2,-0.350931,0.378412,3.161743,1,-0.364896,0.470904,3.148835,1,0.017002,0.163353,3.852817,1,-0.010376,0.207762,3.791083,1,
00_00_00_0225,-0.146884,-0.014391,3.721729,2,-0.254576,0.337671,3.703352,2,-0.360016,0.681897,3.673194,2,-0.438166,0.800153,3.753320,2,-0.395389,0.506473,3.523054,1,-0.332719,0.288287,3.458107,2,-0.368515,0.384690,3.252696,1,-0.380852,0.417187,3.188332,1,-0.253343,0.553266,3.578606,2,-0.082878,0.385417,3.638574,1,-0.030617,0.255653,3.796471,1,-0.013298,0.212852,3.853221,1,-0.221372,-0.041281,3.670964,2,-0.166693,-0.335732,3.767851,2,-0.157516,-0.648007,3.748771,2,-0.119964,-0.689037,3.618530,2,-0.069744,0.013525,3.699938,2,-0.078667,-0.345074,3.796876,2,0.057053,-0.636680,3.669172,2,0.050634,-0.712401,3.679318,2,-0.334019,0.596963,3.683008,2,-0.345228,0.386069,3.180764,1,-0.359227,0.478538,3.167856,1,0.014153,0.167103,3.890541,1,-0.013213,0.211504,3.828807,1,
00_00_00_0226,-0.183357,0.039917,3.745243,2,-0.275219,0.366708,3.728107,2,-0.364939,0.687599,3.691847,2,-0.442769,0.807714,3.765157,2,-0.400314,0.512181,3.541732,1,-0.331395,0.294908,3.476813,1,-0.367199,0.391291,3.271402,1,-0.379535,0.423787,3.207039,1,-0.262112,0.555400,3.594911,2,-0.327881,0.308144,3.511217,2,-0.274665,0.178597,3.669157,1,-0.257318,0.135793,3.725911,1,-0.245520,0.025377,3.742783,2,-0.149149,-0.337003,3.807813,2,-0.160427,-0.647461,3.750408,2,-0.122916,-0.688773,3.620281,2,-0.117462,0.053659,3.672114,2,-0.057388,-0.324481,3.806999,2,0.036860,-0.586812,3.697083,2,0.072454,-0.628612,3.566843,2,-0.341837,0.606883,3.702673,2,-0.343922,0.392656,3.199471,1,-0.357936,0.485107,3.186563,1,-0.229159,0.090241,3.763252,1,-0.255635,0.134905,3.701534,1,
00_00_00_0227,-0.204950,0.041601,3.760909,2,-0.285689,0.370116,3.742140,2,-0.368318,0.692756,3.713470,2,-0.451556,0.809000,3.787332,2,-0.403687,0.517344,3.563348,1,-0.325806,0.291367,3.519861,2,-0.361629,0.387744,3.314484,1,-0.373960,0.420230,3.250134,1,-0.275622,0.559599,3.612311,2,-0.325466,0.309431,3.516670,2,-0.272270,0.179904,3.674579,1,-0.310357,0.099216,3.628686,1,-0.263916,0.026525,3.766904,2,-0.143769,-0.338511,3.843380,2,-0.169151,-0.677026,3.757150,2,-0.136057,-0.741730,3.774344,2,-0.143517,0.055966,3.681141,2,-0.224106,-0.306971,3.761820,2,-0.127758,-0.684416,3.715963,1,-0.090907,-0.725371,3.585790,2,-0.347957,0.612682,3.722986,2,-0.338383,0.389129,3.242558,1,-0.352438,0.481616,3.229641,1,-0.312866,0.095693,3.619784,2,-0.308274,0.098550,3.604333,1,
00_00_00_0228,-0.223010,0.033509,3.771336,2,-0.295590,0.367785,3.754772,2,-0.370111,0.694079,3.727430,2,-0.456269,0.809208,3.795380,2,-0.405477,0.518676,3.577309,1,-0.326298,0.291266,3.526886,1,-0.362113,0.387624,3.321549,1,-0.374441,0.420103,3.257213,1,-0.279423,0.558400,3.619941,2,-0.321945,0.311629,3.528691,2,-0.268779,0.182127,3.686563,1,-0.304432,0.106008,3.636355,1,-0.280347,0.020266,3.776671,2,-0.147579,-0.338505,3.866398,2,-0.190704,-0.657448,3.760025,2,-0.139778,-0.724567,3.757162,2,-0.160706,0.046559,3.690459,2,-0.224321,-0.308071,3.763332,2,-0.145532,-0.651465,3.709227,1,-0.111952,-0.693118,3.577970,2,-0.351605,0.613370,3.736208,2,-0.339159,0.389555,3.251688,1,-0.352781,0.481531,3.234663,1,-0.306959,0.102466,3.627452,1,-0.302393,0.105298,3.612000,1,
00_00_00_0229,-0.238277,0.032700,3.790094,2,-0.307799,0.366842,3.775881,2,-0.375880,0.693500,3.748434,2,-0.462048,0.808673,3.815766,2,-0.407811,0.518748,3.587300,1,-0.328221,0.290757,3.536297,1,-0.364032,0.387116,3.330960,1,-0.376360,0.419593,3.266624,1,-0.284985,0.554899,3.627319,2,-0.303797,0.316712,3.558145,2,-0.250712,0.187208,3.716010,1,-0.233376,0.144423,3.772741,1,-0.294679,0.019208,3.792820,2,-0.154995,-0.329218,3.889596,2,-0.191455,-0.657156,3.760404,2,-0.141735,-0.718099,3.769984,2,-0.177121,0.045701,3.712234,2,-0.227431,-0.311802,3.770991,2,-0.148358,-0.644423,3.713708,1,-0.115612,-0.686243,3.582199,2,-0.359136,0.612823,3.757657,2,-0.340178,0.390207,3.258214,1,-0.354834,0.481000,3.246129,1,-0.236133,0.140785,3.763824,1,-0.231867,0.143490,3.748355,1,
00_00_00_0230,-0.250193,0.025156,3.812083,2,-0.314102,0.360407,3.791564,2,-0.377742,0.688094,3.759794,2,-0.465523,0.802425,3.823281,2,-0.409662,0.513347,3.599731,1,-0.329903,0.284951,3.548820,1,-0.365710,0.381329,3.343484,1,-0.378038,0.413804,3.279149,1,-0.295684,0.546071,3.645405,2,-0.298320,0.317167,3.567059,2,-0.337850,0.167786,3.711436,1,-0.339508,0.103709,3.717149,1,-0.310291,0.016686,3.821253,2,-0.171951,-0.273023,3.918153,1,-0.210398,-0.602800,3.782486,1,-0.152845,-0.709611,3.740257,2,-0.186076,0.033819,3.729216,2,-0.232016,-0.314539,3.778915,2,-0.150383,-0.642138,3.715954,1,-0.110946,-0.683907,3.586874,2,-0.362009,0.607221,3.769942,2,-0.342459,0.382737,3.271568,1,-0.356509,0.475264,3.258647,1,-0.371303,0.058628,3.764272,2,-0.327899,0.055279,3.678000,2,
00_00_00_0231,-0.272166,-0.000994,3.864063,2,-0.329008,0.341097,3.830864,2,-0.382485,0.679079,3.778597,2,-0.471077,0.792597,3.842251,2,-0.414299,0.504613,3.618607,1,-0.334408,0.276087,3.567591,1,-0.370205,0.372493,3.362256,1,-0.382532,0.404965,3.297922,1,-0.292110,0.541409,3.662354,2,-0.284315,0.318103,3.590889,2,-0.395191,0.172255,3.761596,1,-0.368479,0.100079,3.787953,1,-0.332448,-0.004848,3.866674,2,-0.199847,-0.298449,3.980620,1,-0.238214,-0.628109,3.844950,1,-0.161882,-0.703417,3.743438,2,-0.206532,0.002882,3.785959,2,-0.236751,-0.317951,3.791490,2,-0.168372,-0.652287,3.766799,2,-0.131361,-0.695935,3.637706,2,-0.368963,0.595956,3.793335,2,-0.346946,0.373933,3.290337,1,-0.360986,0.466506,3.277412,1,-0.368964,0.059064,3.792773,2,-0.365897,0.105235,3.761429,2,
00_00_00_0232,-0.270992,0.000525,3.871223,2,-0.330658,0.338373,3.840003,2,-0.391106,0.664876,3.800440,2,-0.503788,0.754001,3.854694,2,-0.414426,0.504501,3.618626,1,-0.334531,0.275968,3.567608,1,-0.370328,0.372374,3.362273,1,-0.382655,0.404847,3.297939,1,-0.291484,0.541028,3.662554,2,-0.274258,0.317690,3.606683,2,-0.396905,0.170984,3.764868,1,-0.373805,0.114674,3.804232,1,-0.331890,-0.003038,3.874808,2,-0.199946,-0.295032,3.988866,1,-0.238314,-0.624697,3.853199,1,-0.166653,-0.699998,3.746731,2,-0.204838,0.004116,3.792265,2,-0.237546,-0.319344,3.798980,2,-0.166909,-0.653554,3.767184,2,-0.130435,-0.696392,3.637505,2,-0.375863,0.584913,3.812295,2,-0.346831,0.375659,3.291516,1,-0.361108,0.466389,3.277429,1,-0.373009,0.062306,3.792725,2,-0.373341,0.147979,3.785500,2,
00_00_00_0233,-0.270158,-0.023119,3.910673,2,-0.337012,0.317577,3.875877,2,-0.400148,0.652113,3.826076,2,-0.500675,0.752191,3.855456,2,-0.420990,0.496357,3.634411,1,-0.341039,0.267817,3.583366,1,-0.376818,0.364249,3.378032,1,-0.389145,0.396719,3.313699,1,-0.288671,0.523820,3.714813,2,-0.260512,0.308857,3.640944,2,-0.399128,0.172537,3.780748,1,-0.389121,0.152824,3.880310,1,-0.330361,-0.025163,3.899688,2,-0.200050,-0.300308,4.028797,1,-0.238419,-0.629934,3.893135,1,-0.174341,-0.686668,3.764115,2,-0.204992,-0.017719,3.844127,2,-0.232443,-0.327832,3.813656,2,-0.164697,-0.655006,3.771355,2,-0.109246,-0.696412,3.650347,2,-0.384899,0.569550,3.841064,2,-0.353545,0.365719,3.306112,1,-0.367563,0.458333,3.293185,1,-0.388324,0.113192,3.883765,2,-0.387193,0.174740,3.846750,1,
00_00_00_0234,-0.267332,-0.022458,3.925162,2,-0.337595,0.313569,3.885221,2,-0.405137,0.641337,3.835587,2,-0.500143,0.745893,3.861934,2,-0.427407,0.483594,3.646397,1,-0.347421,0.255099,3.595335,1,-0.383183,0.351570,3.390002,1,-0.395510,0.384037,3.325671,1,-0.286966,0.520672,3.728156,2,-0.244306,0.302995,3.668742,2,-0.453845,0.261692,3.767382,2,-0.492489,0.283489,3.791653,1,-0.326920,-0.026878,3.913815,2,-0.198745,-0.288725,4.047278,1,-0.237119,-0.618375,3.911625,1,-0.179079,-0.676794,3.779864,2,-0.202513,-0.016134,3.861461,2,-0.228822,-0.331738,3.825372,2,-0.156775,-0.659327,3.782488,2,-0.177434,-0.742552,3.725909,2,-0.388463,0.560866,3.850231,2,-0.359894,0.353082,3.318080,1,-0.373892,0.445753,3.305149,1,-0.523566,0.288252,3.798672,2,-0.484770,0.299389,3.758091,2,
00_00_00_0235,-0.263954,-0.023047,3.949276,2,-0.341754,0.303137,3.913444,2,-0.419357,0.619345,3.867434,2,-0.504168,0.724877,3.874423,2,-0.441532,0.462372,3.677890,1,-0.361488,0.234006,3.626790,1,-0.397213,0.330542,3.421462,1,-0.409540,0.363004,3.357132,1,-0.285237,0.511837,3.754740,2,-0.270188,0.277585,3.713465,2,-0.492632,0.268306,3.807393,2,-0.516326,0.280789,3.801789,1,-0.328087,-0.033974,3.975305,2,-0.336712,-0.322188,4.048922,2,-0.374077,-0.637016,3.907358,1,-0.264936,-0.668802,3.809907,1,-0.199691,-0.015088,3.863363,2,-0.223592,-0.331674,3.836417,2,-0.153548,-0.659460,3.792156,2,-0.107024,-0.701091,3.666270,2,-0.400080,0.541585,3.881270,2,-0.373893,0.332127,3.349536,1,-0.387847,0.424896,3.336599,1,-0.533601,0.285541,3.796668,2,-0.513652,0.281578,3.770800,2,
00_00_00_0236,-0.248256,-0.020616,3.981740,2,-0.341417,0.301762,3.932436,2,-0.427034,0.617355,3.878246,2,-0.527363,0.710229,3.889516,2,-0.449350,0.460306,3.688951,1,-0.369279,0.231962,3.637855,1,-0.404983,0.328504,3.432528,1,-0.417310,0.360965,3.368198,1,-0.286182,0.510436,3.778383,2,-0.176789,0.319840,3.719464,2,-0.456183,0.271876,3.796501,2,-0.498497,0.269602,3.805876,1,-0.319694,-0.034686,3.984807,2,-0.324198,-0.346190,4.076193,2,-0.286934,-0.652191,4.157470,2,-0.234905,-0.669585,4.005593,2,-0.175019,-0.004652,3.905065,2,-0.206386,-0.336409,3.857996,2,-0.136262,-0.675663,3.823204,2,-0.179826,-0.750618,3.769994,2,-0.406009,0.539597,3.893526,2,-0.380104,0.330936,3.361252,1,-0.395571,0.422881,3.347669,1,-0.515264,0.266115,3.812683,2,-0.499942,0.278846,3.775000,2,
00_00_00_0237,-0.239549,-0.022226,4.007868,2,-0.340064,0.296095,3.951684,2,-0.433406,0.609335,3.887677,2,-0.529488,0.703744,3.893485,2,-0.455702,0.452279,3.698377,1,-0.375607,0.223982,3.647274,1,-0.411293,0.320548,3.441949,1,-0.423622,0.353007,3.377620,1,-0.287893,0.508067,3.799303,2,-0.165818,0.325474,3.739972,2,-0.443636,0.254063,3.806222,1,-0.488303,0.268125,3.811594,1,-0.307747,-0.036103,4.004951,2,-0.323753,-0.341598,4.084824,2,-0.266582,-0.705665,4.225430,1,-0.215244,-0.694640,4.071231,2,-0.168065,-0.007642,3.936382,2,-0.190280,-0.329166,3.877415,2,-0.131340,-0.647230,3.856332,2,-0.077448,-0.688789,3.734527,2,-0.410665,0.532100,3.905213,2,-0.387939,0.322168,3.370024,1,-0.401845,0.414987,3.357088,1,-0.504835,0.255730,3.811690,2,-0.485608,0.273284,3.782600,2,
00_00_00_0238,-0.235381,-0.016208,4.042549,2,-0.340330,0.294103,3.977663,2,-0.439566,0.600828,3.903854,2,-0.532396,0.693548,3.901845,2,-0.461846,0.443778,3.714545,1,-0.463558,0.310072,3.962368,2,-0.497509,0.181426,4.124768,1,-0.470076,0.123632,4.238060,2,-0.287093,0.510373,3.826305,2,-0.150472,0.334506,3.788629,2,-0.433967,0.251238,3.812216,2,-0.480529,0.260379,3.813266,1,-0.298188,-0.026441,4.060074,2,-0.318387,-0.328512,4.096043,2,-0.289139,-0.657089,4.176999,2,-0.222264,-0.667063,4.031345,2,-0.167279,-0.005398,3.950286,2,-0.170201,-0.326793,3.914905,2,-0.112889,-0.647171,3.888610,2,-0.142822,-0.722056,3.814672,2,-0.415437,0.524914,3.924134,2,-0.487068,0.054490,4.239249,2,-0.443718,0.105166,4.221556,2,-0.504437,0.255528,3.808690,2,-0.474744,0.270000,3.783429,2,
00_00_00_0239,-0.233435,-0.012039,4.068878,2,-0.341168,0.293038,3.995287,2,-0.443552,0.595165,3.913402,2,-0.533805,0.687407,3.907183,2,-0.465825,0.438122,3.724088,1,-0.469602,0.306072,3.972574,2,-0.519929,0.181672,4.133849,1,-0.499087,0.127831,4.240795,2,-0.285527,0.507967,3.839401,2,-0.138872,0.339313,3.819243,2,-0.423168,0.252072,3.820183,2,-0.470001,0.252298,3.831679,1,-0.296099,-0.024338,4.070017,2,-0.303376,-0.326007,4.114812,2,-0.267611,-0.650423,4.171723,2,-0.195943,-0.668180,4.030572,2,-0.167498,0.000988,3.999477,2,-0.170405,-0.340856,3.946967,2,-0.113227,-0.641493,3.908103,2,-0.057025,-0.683748,3.788147,2,-0.418615,0.520331,3.935570,2,-0.496708,0.058759,4.235870,2,-0.473515,0.078327,4.220900,2,-0.495562,0.256281,3.819695,2,-0.463615,0.258793,3.795200,2,
00_00_00_0240,-0.231021,-0.007751,4.086802,2,-0.341933,0.291089,4.006830,2,-0.448166,0.586405,3.920286,2,-0.536227,0.683658,3.911257,2,-0.470433,0.429370,3.730965,1,-0.484427,0.298423,3.979447,2,-0.551607,0.177684,4.137337,1,-0.521347,0.121825,4.234783,2,-0.282760,0.503009,3.857944,2,-0.130634,0.339438,3.843832,2,-0.414907,0.251157,3.830944,2,-0.459806,0.250177,3.844561,1,-0.293448,-0.017982,4.092421,2,-0.295308,-0.327902,4.131980,2,-0.267907,-0.649000,4.172715,2,-0.188870,-0.667399,4.036980,2,-0.165495,0.002639,4.006951,2,-0.153019,-0.343184,3.955758,2,-0.108967,-0.640301,3.929792,2,-0.050642,-0.682450,3.811213,2,-0.422015,0.513670,3.943576,2,-0.519315,0.051074,4.228307,2,-0.486720,0.159846,4.226800,2,-0.478319,0.252946,3.847205,2,-0.454041,0.246892,3.818000,2,
00_00_00_0241,-0.233545,-0.007766,4.108201,2,-0.343924,0.286158,4.025148,2,-0.450565,0.576332,3.931904,2,-0.537394,0.682084,3.913440,2,-0.472827,0.419309,3.742575,1,-0.488909,0.286475,3.989908,2,-0.576980,0.177361,4.145749,1,-0.542910,0.136445,4.229940,2,-0.278660,0.501642,3.875090,2,-0.117859,0.349111,3.883890,2,-0.401778,0.259807,3.873277,1,-0.441220,0.241000,3.864163,1,-0.297363,-0.016940,4.114079,2,-0.289493,-0.328429,4.140299,2,-0.251898,-0.655118,4.180092,2,-0.191997,-0.697814,4.061993,2,-0.165839,0.001621,4.026500,2,-0.125129,-0.344800,3.998192,2,-0.087099,-0.651457,3.987587,2,-0.121102,-0.732352,3.964158,2,-0.424371,0.504582,3.957227,2,-0.555393,0.054421,4.235221,2,-0.514200,0.133853,4.203375,2,-0.458280,0.242943,3.853717,2,-0.433883,0.230693,3.840800,2,
00_00_00_0242,-0.229438,-0.005267,4.128571,2,-0.341518,0.285623,4.035546,2,-0.449636,0.574055,3.935082,2,-0.534347,0.678019,3.915393,2,-0.471899,0.417036,3.745752,1,-0.494738,0.280505,3.990696,2,-0.527607,0.072763,4.188292,2,-0.539093,0.024983,4.237651,2,-0.275115,0.499702,3.890524,2,-0.115531,0.345873,3.898942,2,-0.399551,0.256884,3.887170,1,-0.429905,0.230470,3.848590,1,-0.292315,-0.014873,4.127008,2,-0.268026,-0.414267,4.177745,2,-0.246192,-0.707572,4.185237,2,-0.183289,-0.749869,4.069446,2,-0.163141,0.004505,4.056913,2,-0.116470,-0.343516,4.008255,2,-0.078939,-0.649688,4.010982,2,-0.111143,-0.732184,3.969307,2,-0.423160,0.502560,3.961860,2,-0.534596,-0.045196,4.236953,2,-0.508316,0.059209,4.233084,2,-0.436751,0.226941,3.847728,2,-0.422627,0.220222,3.825217,1,
00_00_00_0243,-0.234181,-0.001775,4.148084,2,-0.342159,0.284261,4.052066,2,-0.447525,0.567259,3.946259,2,-0.526234,0.672043,3.916800,2,-0.469788,0.410250,3.756923,1,-0.500746,0.271439,3.999771,2,-0.529434,0.043736,4.176556,2,-0.547925,-0.005578,4.224367,2,-0.269652,0.498185,3.904615,2,-0.111117,0.340847,3.932042,2,-0.366792,0.238427,3.891488,2,-0.405427,0.232994,3.869888,1,-0.296288,-0.010925,4.140696,2,-0.272581,-0.415732,4.178966,2,-0.244914,-0.708566,4.186375,2,-0.333192,-0.701532,4.122554,2,-0.167722,0.006925,4.080089,2,-0.093971,-0.329423,4.052915,2,-0.066788,-0.622195,4.065102,2,-0.005105,-0.665573,3.949688,2,-0.421630,0.497126,3.974607,2,-0.550502,-0.079768,4.241724,2,-0.515382,0.022790,4.220500,2,-0.424730,0.220883,3.833235,2,-0.402158,0.224230,3.836800,2,
00_00_00_0244,-0.234812,-0.000634,4.164793,2,-0.338228,0.280963,4.062784,2,-0.437957,0.557425,3.953198,2,-0.519183,0.667461,3.918315,2,-0.460226,0.400426,3.763857,1,-0.503483,0.258964,4.003425,2,-0.531533,0.030832,4.179741,2,-0.547105,-0.018416,4.207046,2,-0.269529,0.498210,3.904789,2,-0.110678,0.339419,3.939239,2,-0.366943,0.237882,3.895265,1,-0.405096,0.227439,3.894136,1,-0.296619,-0.009263,4.155080,2,-0.277886,-0.412635,4.178535,2,-0.246104,-0.704954,4.187618,2,-0.332546,-0.714284,4.122153,2,-0.168734,0.007730,4.099126,2,-0.088289,-0.332136,4.065220,2,-0.049132,-0.619597,4.106053,2,-0.089424,-0.697901,4.085376,2,-0.413846,0.489425,3.982578,2,-0.542316,-0.094690,4.222724,2,-0.515175,0.001292,4.199375,2,-0.429938,0.223612,3.880233,2,-0.401616,0.219280,3.873250,2,
00_00_00_0245,-0.237163,0.002757,4.184645,2,-0.335621,0.280601,4.073481,2,-0.433016,0.554898,3.956638,2,-0.509458,0.662964,3.921185,2,-0.455288,0.397902,3.767295,1,-0.503110,0.253134,4.004225,2,-0.529822,0.019563,4.174053,2,-0.543674,-0.023926,4.190510,2,-0.268102,0.497859,3.906598,2,-0.105454,0.342786,3.949790,2,-0.362588,0.241417,3.904337,1,-0.401369,0.225300,3.908950,1,-0.298316,-0.005505,4.169255,2,-0.287163,-0.411101,4.178186,2,-0.244924,-0.702044,4.188479,2,-0.334990,-0.715884,4.145796,2,-0.171818,0.010592,4.125502,2,-0.071339,-0.332815,4.110865,2,-0.027778,-0.620804,4.145048,2,0.034637,-0.666016,4.031506,2,-0.409329,0.487266,3.987526,2,-0.539532,-0.105606,4.201223,2,-0.504277,-0.031320,4.175834,2,-0.411505,0.219745,3.904742,2,-0.395767,0.220997,3.880000,2,
00_00_00_0246,-0.237538,0.001012,4.204100,2,-0.331025,0.276395,4.089018,2,-0.423213,0.547575,3.965317,2,-0.497223,0.656905,3.922936,2,-0.445493,0.390588,3.775971,1,-0.496255,0.238291,4.007996,2,-0.511947,-0.011908,4.156071,2,-0.529972,-0.024004,4.163479,2,-0.241263,0.490449,3.951323,2,-0.099983,0.301612,3.986009,2,-0.357369,0.201070,3.940335,1,-0.386199,0.215101,3.916296,1,-0.297489,-0.005720,4.186386,2,-0.290939,-0.410324,4.179153,2,-0.246987,-0.700319,4.196965,2,-0.328095,-0.725713,4.128685,2,-0.173457,0.007488,4.146235,2,-0.063453,-0.334088,4.137597,2,-0.024009,-0.624125,4.161749,2,0.043590,-0.668954,4.052439,2,-0.400701,0.480655,3.998142,2,-0.540625,-0.093409,4.165721,2,-0.492266,-0.008607,4.153917,2,-0.390856,0.209440,3.909752,2,-0.385333,0.215397,3.889667,2,
00_00_00_0247,-0.238719,0.003935,4.216077,2,-0.328810,0.275457,4.096262,2,-0.417039,0.542774,3.969146,2,-0.488204,0.654048,3.921973,2,-0.439323,0.385793,3.779797,1,-0.491922,0.230502,4.009622,2,-0.507307,-0.019911,4.157355,2,-0.503327,-0.052908,4.156259,2,-0.238926,0.491380,3.953289,2,-0.100057,0.302160,3.987988,2,-0.357443,0.201617,3.942314,1,-0.396252,0.226210,3.963148,1,-0.297122,-0.003978,4.194737,2,-0.332567,-0.309339,4.200274,2,-0.251083,-0.630962,4.199739,2,-0.180982,-0.676408,4.091403,2,-0.176682,0.012008,4.162722,2,-0.060579,-0.336808,4.159083,2,-0.015873,-0.626950,4.188241,2,0.052188,-0.672406,4.079840,2,-0.395711,0.476973,4.002861,2,-0.487694,-0.123131,4.176141,2,-0.461752,-0.064564,4.128500,2,-0.421927,0.236177,4.003740,2,-0.385443,0.214676,3.908500,2,
00_00_00_0248,-0.237455,0.004793,4.234032,2,-0.323000,0.269101,4.108280,2,-0.403816,0.525731,3.975380,2,-0.473302,0.646913,3.922963,2,-0.426109,0.368763,3.786021,1,-0.479505,0.216148,4.017210,2,-0.491495,-0.033910,4.149065,2,-0.472226,-0.078245,4.154830,2,-0.232668,0.488555,3.961357,2,-0.085725,0.316560,4.006818,2,-0.343148,0.215981,3.961154,1,-0.394735,0.233220,4.004102,1,-0.295345,-0.002305,4.208391,2,-0.354956,-0.301865,4.223790,2,-0.279088,-0.694040,4.225527,2,-0.230686,-0.638496,4.123087,2,-0.175740,0.011629,4.184563,2,-0.041626,-0.290027,4.177964,2,-0.043108,-0.622203,4.226843,2,-0.009572,-0.697948,4.154799,2,-0.384585,0.463057,4.010934,2,-0.459574,-0.134142,4.175893,2,-0.434546,-0.045694,4.143600,2,-0.435259,0.237522,4.026736,2,-0.367438,0.207038,3.914250,2,
00_00_00_0249,-0.236334,0.007468,4.246644,2,-0.316608,0.268145,4.116846,2,-0.392487,0.522481,3.978857,2,-0.460439,0.637095,3.923439,2,-0.414788,0.365517,3.789497,1,-0.462757,0.218373,4.024964,2,-0.471009,-0.039532,4.138483,2,-0.457761,-0.076409,4.144053,1,-0.231103,0.488557,3.962686,2,-0.087239,0.294923,4.022230,2,-0.344653,0.194416,3.976558,1,-0.395038,0.227628,4.018670,1,-0.293627,-0.001121,4.214743,2,-0.353004,-0.302396,4.221038,2,-0.285250,-0.695526,4.232636,2,-0.225518,-0.650129,4.132191,2,-0.175702,0.016432,4.205278,2,-0.046756,-0.265605,4.201010,2,-0.020097,-0.661443,4.235679,2,0.000389,-0.726810,4.140197,2,-0.374353,0.460079,4.015722,2,-0.447834,-0.139642,4.194754,2,-0.415892,-0.066602,4.134556,2,-0.414377,0.227128,4.035746,2,-0.358271,0.198413,3.901000,2,
00_00_00_0250,-0.234329,0.006812,4.260558,2,-0.309060,0.262525,4.126035,2,-0.378110,0.510769,3.982264,2,-0.443891,0.622611,3.926973,2,-0.400422,0.353815,3.792898,1,-0.457082,0.218927,4.033035,2,-0.465338,-0.025381,4.133563,2,-0.441978,-0.075025,4.144177,1,-0.227007,0.485597,3.965090,2,-0.089502,0.293448,4.022667,2,-0.346909,0.192945,3.976994,1,-0.391782,0.221314,4.027550,1,-0.290748,-0.002027,4.223445,2,-0.350224,-0.304172,4.223961,1,-0.290762,-0.698592,4.235775,2,-0.219101,-0.640091,4.161962,2,-0.174731,0.015924,4.223161,2,-0.031678,-0.261167,4.201647,2,-0.013801,-0.657942,4.232607,2,-0.037010,-0.726265,4.142034,2,-0.361699,0.449885,4.020758,2,-0.421307,-0.154147,4.176095,2,-0.406228,-0.064446,4.118500,2,-0.402253,0.215547,4.023752,2,-0.360116,0.188791,3.921000,2,
00_00_00_0251,-0.226212,0.003667,4.287987,2,-0.295957,0.249602,4.141769,2,-0.360030,0.487541,3.986979,2,-0.420531,0.597043,3.928615,2,-0.382355,0.330603,3.797601,1,-0.453582,0.211354,4.041411,2,-0.458828,-0.026808,4.133607,2,-0.427494,-0.072036,4.143171,1,-0.216927,0.478174,3.969577,2,-0.099850,0.235919,4.032927,2,-0.357222,0.135593,3.987230,1,-0.443117,0.102392,3.976115,1,-0.279759,-0.007388,4.247880,2,-0.351104,-0.309318,4.224561,1,-0.297337,-0.704780,4.231894,2,-0.219791,-0.642123,4.184744,2,-0.169061,0.014870,4.252913,2,-0.033489,-0.266402,4.199282,2,-0.018227,-0.663443,4.228671,2,-0.030159,-0.735114,4.139199,2,-0.344774,0.429315,4.028234,2,-0.412399,-0.139212,4.181266,2,-0.399389,-0.061907,4.120934,2,-0.453438,0.096933,3.972320,1,-0.411107,0.070577,3.869573,1,
00_00_00_0252,-0.228858,-0.008558,4.294921,2,-0.291930,0.225319,4.151230,2,-0.349310,0.452434,3.994997,2,-0.409594,0.579101,3.931437,2,-0.371642,0.295525,3.805598,1,-0.442639,0.190521,4.055201,2,-0.431704,-0.048749,4.136941,1,-0.404141,-0.103849,4.157809,1,-0.177370,0.430737,3.992487,2,-0.097830,0.231750,4.034563,2,-0.356537,0.134764,3.987844,1,-0.442875,0.102672,3.976388,1,-0.283260,-0.017995,4.254181,2,-0.350151,-0.321283,4.222716,1,-0.270726,-0.592196,4.228814,2,-0.195047,-0.642949,4.130032,2,-0.170503,0.000951,4.260338,2,-0.026704,-0.275839,4.201369,2,-0.007638,-0.672930,4.228430,2,-0.029324,-0.738353,4.133673,2,-0.335448,0.396261,4.036660,2,-0.395573,-0.179030,4.183433,2,-0.366297,-0.101772,4.134201,2,-0.453198,0.097212,3.972593,1,-0.411096,0.070590,3.869585,1,
00_00_00_0253,-0.188081,-0.023619,4.332423,2,-0.274442,0.213449,4.160702,2,-0.346109,0.445011,3.991066,2,-0.391275,0.553602,3.932778,2,-0.475659,0.348206,4.058692,2,-0.449185,0.121275,4.118606,2,-0.370578,-0.113887,4.157158,2,-0.354766,-0.171876,4.186105,1,-0.174418,0.424271,3.993978,2,-0.030905,0.247731,4.060275,2,-0.288479,0.147379,4.014606,1,-0.339664,0.170678,4.056219,1,-0.265921,-0.036243,4.305826,2,-0.300870,-0.345098,4.257832,1,-0.270561,-0.596232,4.229661,2,-0.272087,-0.670660,4.115499,2,-0.106946,-0.010580,4.283401,2,-0.004068,-0.303737,4.214734,2,-0.037391,-0.623886,4.233871,2,-0.010161,-0.705240,4.170921,2,-0.330170,0.388737,4.035079,2,-0.318257,-0.239173,4.181978,2,-0.320213,-0.142232,4.172857,2,-0.375554,0.152480,4.088772,2,-0.308082,0.125407,3.935000,2,
00_00_00_0254,-0.189771,-0.054843,4.341830,2,-0.257443,0.168440,4.181470,2,-0.322775,0.395660,4.006178,2,-0.367766,0.512050,3.940905,2,-0.474118,0.344023,4.058699,2,-0.447356,0.116081,4.118642,1,-0.371083,-0.113723,4.157157,2,-0.357562,-0.171971,4.185528,1,-0.152859,0.375527,4.004298,2,-0.011703,0.226940,4.071350,2,-0.287498,0.145643,4.014606,1,-0.342830,0.166998,4.082726,1,-0.269923,-0.071709,4.319157,2,-0.229078,-0.379937,4.288678,1,-0.270699,-0.596720,4.229883,2,-0.275782,-0.671977,4.116846,2,-0.106638,-0.037559,4.289434,2,-0.045201,-0.339762,4.204134,1,-0.038211,-0.621003,4.235360,2,-0.010747,-0.701987,4.171360,2,-0.306758,0.339471,4.052395,2,-0.318515,-0.239368,4.185378,2,-0.331219,-0.132919,4.159200,2,-0.358607,0.152322,4.085278,2,-0.332669,0.140683,4.067572,2,
00_00_00_0255,-0.188486,-0.068195,4.347165,2,-0.255340,0.157995,4.181587,2,-0.319033,0.378865,4.001943,2,-0.363539,0.486023,3.943994,2,-0.465709,0.332538,4.060806,2,-0.390409,0.071924,4.161740,2,-0.322427,-0.145804,4.200146,1,-0.314366,-0.192885,4.208025,1,-0.148295,0.364115,4.009315,2,-0.006733,0.212137,4.069483,2,-0.285825,0.134771,4.011827,1,-0.342911,0.174286,4.079968,1,-0.266308,-0.087409,4.319966,2,-0.190705,-0.386786,4.316756,1,-0.269379,-0.660810,4.229680,2,-0.273591,-0.736414,4.117583,2,-0.107364,-0.049458,4.299503,2,-0.055452,-0.434968,4.224697,2,-0.026528,-0.725990,4.247903,2,0.000967,-0.663839,4.140294,2,-0.303484,0.324469,4.049455,2,-0.273638,-0.244184,4.228788,2,-0.282952,-0.162148,4.211637,2,-0.362397,0.184735,4.065772,2,-0.335716,0.166961,4.063000,2,
00_00_00_0256,-0.179600,-0.015981,4.471706,2,-0.238391,0.153362,4.254033,2,-0.295495,0.319789,4.023892,2,-0.339110,0.441459,3.955149,2,-0.460186,0.317069,4.064127,2,-0.389646,0.066163,4.163085,1,-0.321666,-0.151547,4.201488,1,-0.309206,-0.198943,4.217591,1,-0.141350,0.341705,4.015341,2,0.005722,0.194522,4.074182,2,-0.278424,0.120645,4.014518,1,-0.333178,0.165965,4.079100,1,-0.253282,-0.030896,4.440511,2,-0.201582,-0.339712,4.310692,1,-0.279680,-0.614395,4.224976,2,-0.271642,-0.702920,4.199078,2,-0.102873,-0.000794,4.427277,2,-0.068870,-0.400311,4.256228,1,-0.019373,-0.690419,4.261002,2,-0.005764,-0.696703,4.131745,2,-0.281505,0.278647,4.083828,2,-0.267450,-0.241562,4.247608,2,-0.256936,-0.168006,4.244308,2,-0.340690,0.173885,4.069779,2,-0.330300,0.156392,4.061691,2,
00_00_00_0257,-0.143649,-0.054531,4.476526,2,-0.223808,0.142292,4.247712,2,-0.289087,0.321132,4.009714,2,-0.329021,0.433526,3.946585,2,-0.434518,0.282101,4.077604,2,-0.399442,0.003146,4.162861,2,-0.312157,-0.191700,4.204860,2,-0.310691,-0.199167,4.214108,1,-0.137772,0.332496,4.018324,2,-0.010332,0.142895,4.075947,2,-0.267964,0.042862,4.030255,1,-0.353854,0.009661,4.019148,2,-0.225630,-0.057240,4.462995,2,-0.198860,-0.346730,4.311049,1,-0.277602,-0.620829,4.223924,2,-0.271953,-0.709091,4.200565,2,-0.061171,-0.049039,4.412826,2,-0.013398,-0.517662,4.251943,1,-0.034687,-0.625582,4.235944,2,-0.007993,-0.705588,4.168510,2,-0.273943,0.277263,4.072568,2,-0.266667,-0.240960,4.239458,2,-0.259640,-0.165925,4.248548,2,-0.361299,0.017987,4.009826,1,-0.349430,0.001577,4.000542,1,
00_00_00_0258,-0.178105,-0.045086,4.530370,2,-0.220433,0.120000,4.287230,2,-0.261031,0.280119,4.035693,2,-0.315105,0.397619,3.962463,2,-0.433071,0.281165,4.077008,2,-0.395281,0.005282,4.169194,2,-0.372095,-0.213350,4.166068,2,-0.356142,-0.225474,4.181765,1,-0.128878,0.312280,4.029028,2,-0.007398,0.132886,4.079608,2,-0.188284,0.001745,3.997080,2,-0.196895,0.018441,3.988973,2,-0.261947,-0.047429,4.513501,2,-0.195156,-0.339857,4.316691,1,-0.277821,-0.612221,4.227588,2,-0.271744,-0.701154,4.198654,2,-0.091271,-0.041990,4.471610,2,-0.002635,-0.248096,4.215707,2,-0.034324,-0.627328,4.235902,2,-0.006292,-0.707025,4.168834,2,-0.251076,0.240227,4.101496,2,-0.384457,-0.314315,4.146409,2,-0.304443,-0.229939,4.179000,2,-0.234233,0.007895,3.949816,2,-0.187790,0.005550,3.977111,2,
00_00_00_0259,-0.173573,-0.049904,4.533060,2,-0.216258,0.115148,4.287300,2,-0.256687,0.275351,4.031416,2,-0.298232,0.375603,3.963766,2,-0.433187,0.271226,4.083329,2,-0.399766,-0.005895,4.173470,2,-0.368849,-0.247698,4.170798,1,-0.374675,-0.296324,4.170986,1,-0.095914,0.273015,4.043500,2,0.015348,0.095439,4.097290,2,-0.138542,-0.044425,4.013037,2,-0.194479,-0.002865,3.989845,2,-0.257882,-0.049713,4.515870,2,-0.194772,-0.338560,4.314417,1,-0.277089,-0.612068,4.229159,2,-0.279734,-0.705176,4.140966,2,-0.086160,-0.050272,4.474757,2,-0.002600,-0.246858,4.208429,2,-0.032046,-0.627609,4.233944,2,-0.007706,-0.708973,4.168511,2,-0.246916,0.235678,4.098293,2,-0.388302,-0.370577,4.168227,2,-0.387155,-0.375119,4.156000,2,-0.224881,-0.016347,3.973568,2,-0.201238,-0.017964,3.977400,2,
00_00_00_0260,-0.166805,-0.047898,4.535213,2,-0.212463,0.111353,4.289931,2,-0.254882,0.262390,4.035215,2,-0.281050,0.357988,3.971078,2,-0.431199,0.268421,4.084086,2,-0.402700,-0.008957,4.174715,2,-0.376842,-0.227260,4.169654,2,-0.366057,-0.247831,4.174859,1,-0.085308,0.273926,4.044851,2,0.014881,0.091606,4.102710,2,-0.137336,-0.048168,4.014966,2,-0.191389,-0.018886,3.993327,2,-0.251656,-0.048047,4.517403,2,-0.193922,-0.338884,4.311623,1,-0.277218,-0.612713,4.228701,2,-0.278664,-0.706594,4.141915,2,-0.078958,-0.047510,4.477549,2,0.001964,-0.296186,4.197494,2,-0.029646,-0.627974,4.231281,2,-0.007947,-0.710841,4.168475,2,-0.244411,0.225834,4.101460,2,-0.389105,-0.337716,4.146234,2,-0.304632,-0.241440,4.181667,2,-0.222207,-0.031764,3.990485,2,-0.225302,-0.029892,3.981500,2,
00_00_00_0261,-0.138234,-0.044652,4.557389,2,-0.176249,0.089651,4.315645,2,-0.217236,0.220586,4.058097,2,-0.248610,0.315429,3.991833,2,-0.423297,0.262706,4.086787,2,-0.444085,0.013223,4.179278,2,-0.378036,-0.205099,4.167691,2,-0.366935,-0.239187,4.180999,1,-0.084280,0.270795,4.052100,2,0.012384,0.086842,4.110523,2,-0.134056,-0.057397,4.019869,2,-0.182743,-0.033170,3.996530,2,-0.207124,-0.043931,4.542918,2,-0.160657,-0.356596,4.310822,1,-0.279922,-0.616955,4.228660,2,-0.274747,-0.706114,4.195744,2,-0.063350,-0.044674,4.496274,2,0.002345,-0.294941,4.195919,2,-0.027774,-0.628418,4.229650,2,-0.007183,-0.711773,4.167650,2,-0.207062,0.188111,4.124992,2,-0.379516,-0.339505,4.133736,2,-0.309377,-0.231589,4.190364,2,-0.215180,-0.051708,3.994319,2,-0.193277,-0.051642,3.990000,2,
00_00_00_0262,-0.210563,-0.035639,4.598505,2,-0.206676,0.075431,4.351125,2,-0.203112,0.184275,4.092471,2,-0.251324,0.298926,4.016678,2,-0.417887,0.255106,4.089992,2,-0.470681,0.069580,4.181201,2,-0.378904,-0.203078,4.167108,2,-0.368631,-0.236756,4.180559,1,-0.075388,0.249597,4.072965,1,0.016887,0.063304,4.130822,2,-0.129172,-0.081911,4.041370,2,-0.178239,-0.046432,4.007300,2,-0.290106,-0.027441,4.568418,2,-0.308922,-0.328708,4.314537,1,-0.273651,-0.613266,4.232747,2,-0.273735,-0.712284,4.157516,2,-0.127549,-0.043253,4.552985,2,-0.005947,-0.282891,4.189562,2,-0.027399,-0.629899,4.229343,2,-0.006313,-0.712963,4.166698,2,-0.204482,0.159688,4.156993,2,-0.395708,-0.299757,4.126741,2,-0.337118,-0.240317,4.162667,2,-0.215468,-0.057185,3.998819,2,-0.193579,-0.063661,3.996400,2,
00_00_00_0263,-0.213495,-0.040388,4.600620,2,-0.211780,0.072001,4.350027,2,-0.212497,0.181740,4.085873,2,-0.234560,0.292537,4.016489,2,-0.389731,0.210641,4.117543,2,-0.445315,-0.011853,4.181231,2,-0.373485,-0.220030,4.166204,2,-0.369916,-0.234275,4.177380,1,-0.082704,0.244834,4.069543,1,0.007136,0.045295,4.142374,2,-0.135598,-0.103345,4.053371,2,-0.183176,-0.152854,4.027841,2,-0.295009,-0.037177,4.568819,2,-0.318273,-0.331243,4.307934,1,-0.272979,-0.615710,4.231555,2,-0.267041,-0.714797,4.156663,2,-0.129435,-0.045166,4.556360,2,-0.015130,-0.216518,4.205363,2,-0.025163,-0.614721,4.225826,2,-0.021359,-0.713799,4.150859,2,-0.212134,0.155958,4.153368,2,-0.395232,-0.293800,4.121742,2,-0.359532,-0.258811,4.136200,2,-0.220393,-0.163326,4.019366,1,-0.198492,-0.169439,4.016958,1,
00_00_00_0264,-0.208503,-0.061127,4.617138,2,-0.213790,0.061995,4.360096,2,-0.217190,0.178239,4.092747,2,-0.237614,0.285407,4.032779,2,-0.411707,0.165153,4.152703,2,-0.468459,-0.036542,4.203001,2,-0.367716,-0.229967,4.159201,2,-0.373759,-0.235712,4.176510,1,-0.090511,0.209727,4.113869,1,0.019360,0.024974,4.148593,2,-0.158686,-0.056549,4.024732,1,-0.173631,-0.062381,4.020703,2,-0.288533,-0.059342,4.585443,2,-0.291591,-0.338195,4.318998,1,-0.273227,-0.622186,4.229130,2,-0.264007,-0.720391,4.152502,2,-0.125379,-0.062118,4.572590,2,-0.014992,-0.216361,4.205717,2,-0.025095,-0.614602,4.225862,2,-0.018012,-0.712856,4.149151,2,-0.216648,0.150191,4.161765,2,-0.383227,-0.285362,4.137249,2,-0.306434,-0.231441,4.206286,2,-0.202667,-0.079563,4.031820,2,-0.217638,-0.074234,4.040000,2,
00_00_00_0265,-0.205138,-0.068280,4.625599,2,-0.209248,0.055081,4.367594,2,-0.212982,0.174704,4.097280,2,-0.235246,0.282825,4.039784,2,-0.404276,0.151627,4.164919,2,-0.461451,-0.048548,4.218937,2,-0.363303,-0.237998,4.151999,2,-0.374294,-0.233883,4.170007,1,-0.078059,0.201164,4.120578,1,0.021779,0.012269,4.159973,2,-0.134179,-0.114532,4.058725,2,-0.187588,-0.081143,4.032420,2,-0.286147,-0.066082,4.592447,2,-0.292835,-0.337810,4.323711,1,-0.273707,-0.620409,4.229120,2,-0.264109,-0.718531,4.152304,2,-0.120710,-0.069625,4.583219,2,-0.041788,-0.340874,4.231861,2,-0.032641,-0.628655,4.282518,2,-0.010168,-0.695850,4.171843,2,-0.212150,0.145496,4.167202,2,-0.382612,-0.283064,4.131416,2,-0.307990,-0.236474,4.204268,2,-0.218381,-0.079995,4.053817,2,-0.185131,-0.086107,4.089468,1,
00_00_00_0266,-0.190523,-0.081468,4.644997,2,-0.197522,0.041516,4.389826,2,-0.203973,0.162335,4.122188,2,-0.233615,0.272420,4.071841,2,-0.411817,0.138446,4.179853,2,-0.455060,-0.070093,4.218835,2,-0.352332,-0.254652,4.144301,2,-0.384227,-0.319019,4.120800,1,-0.015573,0.137324,4.160799,2,0.029502,-0.073222,4.192202,2,-0.147250,-0.093709,4.051243,2,-0.133455,-0.069017,4.064116,2,-0.271474,-0.075399,4.610240,2,-0.285861,-0.340195,4.326251,1,-0.274536,-0.621349,4.225639,2,-0.273559,-0.719544,4.148420,2,-0.106456,-0.086700,4.604359,2,-0.033557,-0.337569,4.235365,2,-0.034624,-0.624318,4.291086,2,-0.012742,-0.694812,4.169800,2,-0.202448,0.132450,4.191594,2,-0.383264,-0.365774,4.114227,2,-0.376390,-0.358961,4.100000,2,-0.209097,-0.075621,4.016485,2,-0.162954,-0.083698,4.053333,2,
00_00_00_0267,-0.193568,-0.085685,4.652458,2,-0.197407,0.040629,4.392724,2,-0.202234,0.162980,4.123443,2,-0.219577,0.273995,4.071968,2,-0.409148,0.137825,4.185429,2,-0.485538,-0.051075,4.250168,2,-0.369399,-0.217808,4.152825,2,-0.373754,-0.229472,4.176143,1,-0.015419,0.136573,4.163641,2,0.033851,-0.070426,4.204736,2,-0.142107,-0.095907,4.063580,2,-0.161163,-0.067017,4.045803,2,-0.275638,-0.077771,4.617721,2,-0.293930,-0.340526,4.333515,1,-0.280212,-0.614680,4.213540,2,-0.274569,-0.700685,4.201603,2,-0.108375,-0.092701,4.611930,2,-0.026363,-0.354351,4.253518,2,-0.047239,-0.636492,4.323291,2,-0.012193,-0.690612,4.178875,2,-0.201236,0.132715,4.193013,2,-0.382709,-0.277555,4.132418,2,-0.314478,-0.229201,4.207100,2,-0.195240,-0.075144,4.029822,2,-0.187750,-0.083115,4.026667,2,
00_00_00_0268,-0.183403,-0.136294,4.652098,2,-0.193720,0.019028,4.405828,2,-0.200795,0.157050,4.147768,2,-0.219241,0.272534,4.101171,2,-0.399377,0.152721,4.189249,2,-0.453514,-0.053194,4.228343,2,-0.362386,-0.240902,4.145873,2,-0.376739,-0.234403,4.168138,1,-0.013936,0.135267,4.172336,2,0.041979,-0.064490,4.229645,2,-0.130007,-0.099545,4.085437,2,-0.141774,-0.061789,4.055825,2,-0.261672,-0.124440,4.625636,2,-0.253026,-0.394813,4.365304,1,-0.282144,-0.643548,4.198175,2,-0.269447,-0.709121,4.223277,2,-0.102372,-0.145172,4.602835,2,-0.019109,-0.382615,4.226813,2,-0.039281,-0.664591,4.297026,2,-0.006730,-0.694868,4.168991,2,-0.199295,0.123361,4.213553,2,-0.399590,-0.288441,4.109341,2,-0.331702,-0.236723,4.165667,2,-0.178206,-0.073822,4.016324,2,-0.161815,-0.079269,4.016600,2,
00_00_00_0269,-0.238411,-0.296250,4.542037,2,-0.217133,-0.068141,4.365026,2,-0.197770,0.157044,4.163176,2,-0.217460,0.272546,4.113412,2,-0.367344,0.121459,4.223098,2,-0.542186,-0.001556,4.253694,2,-0.383271,-0.198771,4.163627,2,-0.362981,-0.249954,4.172763,1,-0.009358,0.132721,4.197822,2,0.038147,-0.078371,4.224298,2,-0.124463,-0.037326,4.070310,2,-0.148575,-0.061423,4.055971,2,-0.317904,-0.293939,4.512505,2,-0.196953,-0.492818,4.266521,1,-0.224931,-0.742784,4.101471,1,-0.225610,-0.818975,3.990830,1,-0.154950,-0.293641,4.496145,2,-0.001134,-0.339990,4.162296,2,-0.019228,-0.630393,4.217860,2,-0.001675,-0.716515,4.165184,2,-0.200101,0.112388,4.219288,2,-0.313158,-0.327159,4.175560,2,-0.314013,-0.222631,4.209500,2,-0.182504,-0.064350,4.038825,2,-0.163003,-0.076248,4.048667,2,
00_00_00_0270,-0.226014,-0.298019,4.535846,2,-0.213433,-0.071052,4.364297,2,-0.196274,0.149326,4.172662,2,-0.220017,0.279392,4.123406,2,-0.384741,0.145134,4.210660,2,-0.504779,-0.024531,4.263748,2,-0.382266,-0.199689,4.163846,2,-0.367922,-0.246281,4.171411,1,-0.020828,0.144334,4.190933,2,0.049504,-0.054162,4.239278,2,-0.121964,-0.058322,4.089900,2,-0.137192,-0.060224,4.084374,1,-0.299467,-0.299026,4.502683,2,-0.368338,-0.388843,4.154243,2,-0.314161,-0.671464,4.206124,1,-0.233323,-0.675044,4.222266,2,-0.147357,-0.293187,4.492654,2,-0.005323,-0.286871,4.170156,2,-0.018190,-0.631012,4.216878,2,-0.021267,-0.707368,4.105027,2,-0.198647,0.098652,4.225024,2,-0.314787,-0.325381,4.167260,2,-0.316353,-0.220326,4.211008,2,-0.185195,-0.060649,4.048824,2,-0.190650,-0.063355,4.047500,2,
00_00_00_0271,-0.224262,-0.299076,4.533827,2,-0.212303,-0.067436,4.365449,2,-0.198939,0.177172,4.192510,2,-0.216118,0.284858,4.130430,2,-0.381328,0.160472,4.230578,2,-0.495596,-0.018211,4.270607,2,-0.381669,-0.199181,4.164578,2,-0.367218,-0.255076,4.166187,1,-0.034631,0.132588,4.242832,2,0.059230,-0.067568,4.224710,2,-0.128140,-0.072218,4.097720,1,-0.149308,-0.048671,4.072866,2,-0.299626,-0.299062,4.502231,2,-0.365061,-0.394114,4.157118,1,-0.307536,-0.676188,4.208489,1,-0.229526,-0.663245,4.228867,2,-0.141503,-0.296077,4.488132,2,-0.004003,-0.285951,4.169195,2,-0.017682,-0.633582,4.216717,2,-0.017325,-0.706646,4.101400,2,-0.200699,0.113347,4.235208,2,-0.324482,-0.326647,4.147756,2,-0.320157,-0.218611,4.213140,2,-0.188662,-0.046850,4.044158,2,-0.189457,-0.056260,4.062667,2,
00_00_00_0272,-0.219958,-0.298440,4.529586,2,-0.214878,-0.055707,4.374949,2,-0.221341,0.201647,4.231127,2,-0.208167,0.293900,4.149543,2,-0.370118,0.180974,4.252676,2,-0.467045,-0.011248,4.281199,2,-0.380428,-0.199603,4.165319,2,-0.375027,-0.242713,4.167753,1,-0.038418,0.156864,4.251217,2,0.054270,-0.043360,4.247933,2,-0.123131,-0.076368,4.110413,1,-0.145845,-0.042405,4.092079,1,-0.298402,-0.298726,4.499967,2,-0.378558,-0.256848,4.163500,2,-0.328086,-0.572434,4.185513,1,-0.327314,-0.641130,4.065696,1,-0.135156,-0.294393,4.482979,2,0.006164,-0.266162,4.167016,2,-0.016416,-0.633281,4.213484,2,-0.018359,-0.701478,4.093626,2,-0.219962,0.139615,4.270658,2,-0.319197,-0.324090,4.150758,2,-0.341895,-0.223273,4.168077,2,-0.188246,-0.041688,4.074824,2,-0.180152,-0.051841,4.088200,2,
00_00_00_0273,-0.213071,-0.301185,4.528699,2,-0.214415,-0.051709,4.384786,2,-0.222992,0.204563,4.240874,2,-0.211395,0.297680,4.186218,2,-0.373743,0.171467,4.276209,2,-0.471817,-0.024159,4.283622,2,-0.381594,-0.201053,4.168339,2,-0.377436,-0.241747,4.173407,1,-0.036009,0.159389,4.262167,2,0.056016,-0.038660,4.278339,2,-0.111117,-0.075135,4.128423,1,-0.143774,-0.029686,4.091398,1,-0.294008,-0.302301,4.499946,2,-0.378543,-0.251239,4.166049,2,-0.325843,-0.577265,4.189561,1,-0.326760,-0.644774,4.068797,1,-0.127134,-0.295335,4.481448,2,0.007443,-0.268440,4.162125,2,-0.016628,-0.634297,4.213309,2,-0.020236,-0.701334,4.092503,2,-0.220973,0.141806,4.279220,2,-0.319733,-0.324637,4.157758,2,-0.342682,-0.223138,4.177937,2,-0.176281,-0.029703,4.060684,2,-0.193751,-0.028770,4.075667,2,
00_00_00_0274,-0.212485,-0.302004,4.529100,2,-0.217210,-0.046581,4.398689,2,-0.227670,0.215189,4.267762,2,-0.210474,0.303503,4.202216,2,-0.377357,0.171710,4.293274,2,-0.465558,-0.029316,4.294985,2,-0.380961,-0.201315,4.173592,2,-0.377216,-0.239911,4.180362,1,-0.034608,0.168251,4.288518,2,0.058435,-0.031635,4.287522,2,-0.110898,-0.035358,4.135520,2,-0.149003,-0.022783,4.110080,1,-0.293157,-0.305177,4.500795,2,-0.392339,-0.228831,4.176862,1,-0.385821,-0.518895,4.109485,1,-0.324364,-0.602004,4.145905,2,-0.126879,-0.295274,4.481665,2,0.006936,-0.271818,4.161710,2,-0.016494,-0.634390,4.213248,2,-0.016652,-0.698473,4.089925,2,-0.225135,0.150265,4.302372,2,-0.320004,-0.324908,4.161258,2,-0.342893,-0.221525,4.187000,2,-0.180767,-0.019548,4.072327,2,-0.174947,-0.030766,4.094300,2,
00_00_00_0275,-0.209993,-0.304654,4.526170,2,-0.210671,-0.045578,4.405209,2,-0.204866,0.217877,4.289896,2,-0.217338,0.314282,4.240528,2,-0.375932,0.176105,4.313444,2,-0.461279,-0.026385,4.313128,2,-0.379615,-0.201896,4.180729,2,-0.385168,-0.229462,4.188029,1,-0.036871,0.176427,4.296627,2,0.062483,-0.022900,4.329871,2,-0.104126,-0.018926,4.161112,2,-0.135461,-0.018172,4.144607,2,-0.292386,-0.306192,4.500532,2,-0.391106,-0.234072,4.175385,2,-0.389203,-0.525082,4.113016,1,-0.324357,-0.605503,4.149762,2,-0.122414,-0.299473,4.473987,2,0.011128,-0.275095,4.153987,2,-0.016431,-0.636358,4.212222,2,0.001024,-0.722312,4.159167,2,-0.207175,0.152490,4.320296,2,-0.385149,-0.272213,4.133251,2,-0.348001,-0.237558,4.180500,2,-0.183284,-0.010773,4.104026,2,-0.175563,-0.029230,4.130334,2,
00_00_00_0276,-0.209577,-0.301209,4.526932,2,-0.207464,-0.031673,4.418423,2,-0.203027,0.232824,4.303392,2,-0.214973,0.322307,4.248098,2,-0.370537,0.188723,4.335582,2,-0.457836,-0.013208,4.332449,2,-0.373206,-0.179631,4.203866,2,-0.374398,-0.200725,4.203577,1,-0.042067,0.200202,4.328961,2,0.064579,-0.029478,4.352189,2,-0.105972,-0.022554,4.186573,2,-0.142086,-0.002394,4.144523,2,-0.293913,-0.298241,4.503953,2,-0.390757,-0.234409,4.176310,2,-0.418322,-0.523319,4.110140,1,-0.340566,-0.597091,4.142488,2,-0.121429,-0.297886,4.473972,2,0.011413,-0.278926,4.153285,2,-0.016427,-0.636339,4.212223,2,0.001919,-0.722132,4.159292,2,-0.204462,0.167542,4.334571,2,-0.340014,-0.242382,4.198439,2,-0.330561,-0.205585,4.222667,2,-0.178199,0.006607,4.105113,2,-0.170102,-0.012359,4.131834,2,
00_00_00_0277,-0.207759,-0.298614,4.526795,2,-0.205470,-0.025634,4.426893,2,-0.203227,0.244920,4.325562,2,-0.210515,0.334102,4.276128,2,-0.368643,0.194001,4.356785,2,-0.454107,-0.008234,4.359255,2,-0.379447,-0.166394,4.213830,2,-0.376652,-0.196659,4.212697,1,-0.038437,0.208528,4.349903,2,0.044560,0.005596,4.361376,2,-0.106546,-0.014197,4.191277,2,-0.143202,0.006163,4.164166,2,-0.293644,-0.296116,4.502629,2,-0.390279,-0.232187,4.174936,1,-0.423033,-0.519446,4.103225,1,-0.345505,-0.592496,4.136711,2,-0.117039,-0.294535,4.475765,2,0.008953,-0.280210,4.151797,2,-0.016070,-0.637921,4.212966,2,0.000033,-0.723635,4.157531,2,-0.203769,0.177678,4.352581,2,-0.344358,-0.241430,4.182021,2,-0.334881,-0.198709,4.224429,2,-0.183195,0.013849,4.128326,2,-0.159694,-0.007095,4.143455,2,
00_00_00_0278,-0.207828,-0.299006,4.526757,2,-0.203655,-0.026758,4.440205,2,-0.196346,0.243772,4.358766,2,-0.207904,0.345141,4.308352,2,-0.365254,0.201461,4.381492,2,-0.448653,-0.002075,4.379786,2,-0.375142,-0.135791,4.209548,2,-0.383070,-0.171790,4.213531,2,-0.033731,0.215482,4.379026,2,0.028346,-0.027454,4.365030,2,-0.133390,-0.001833,4.206646,2,-0.146272,0.015033,4.176028,2,-0.293388,-0.298877,4.502075,2,-0.382717,-0.217262,4.176264,2,-0.438256,-0.493450,4.076205,1,-0.364434,-0.567702,4.112453,2,-0.117383,-0.294423,4.475873,2,0.010367,-0.274867,4.152937,2,-0.016059,-0.636954,4.212871,2,0.000003,-0.722799,4.158064,2,-0.198427,0.176592,4.381042,2,-0.374379,-0.231091,4.200765,2,-0.348563,-0.184009,4.218600,2,-0.173065,0.026188,4.127428,2,-0.168374,0.007112,4.153000,2,
00_00_00_0279,-0.209045,-0.299291,4.526360,2,-0.202837,-0.023267,4.449660,2,-0.190943,0.253235,4.375616,2,-0.209904,0.350949,4.319715,2,-0.364443,0.204325,4.408884,2,-0.442418,-0.001952,4.398029,2,-0.379674,-0.127883,4.217301,2,-0.374941,-0.164489,4.216396,1,-0.033702,0.215551,4.379161,2,0.069335,-0.009254,4.404486,2,-0.106143,-0.008758,4.247604,2,-0.150935,0.022432,4.188149,1,-0.295137,-0.300137,4.501585,2,-0.378353,-0.139323,4.208141,2,-0.404269,-0.423558,4.119720,1,-0.350284,-0.527565,4.130094,2,-0.118803,-0.293934,4.475436,2,0.012857,-0.276668,4.154121,2,-0.017038,-0.638552,4.212753,2,-0.001318,-0.724414,4.157847,2,-0.194250,0.184490,4.396353,2,-0.380723,-0.211461,4.198909,2,-0.336055,-0.160609,4.211444,2,-0.171736,0.023401,4.166495,2,-0.188440,0.019730,4.183000,2,
00_00_00_0280,-0.209816,-0.298838,4.527297,2,-0.202550,-0.019770,4.462922,2,-0.190537,0.256816,4.393173,2,-0.210514,0.362282,4.348204,2,-0.363168,0.204699,4.421589,2,-0.449008,0.005315,4.441916,1,-0.380676,-0.110513,4.236130,2,-0.366201,-0.147605,4.220725,1,-0.031892,0.227077,4.430286,2,0.038058,0.016979,4.400609,2,-0.124493,0.023950,4.238489,1,-0.144288,0.035118,4.221814,2,-0.295147,-0.300286,4.501508,2,-0.375347,-0.130887,4.212543,2,-0.322969,-0.527566,4.193863,2,-0.315132,-0.579984,4.062007,2,-0.122550,-0.290699,4.480397,2,0.012685,-0.277293,4.160553,2,-0.017138,-0.638216,4.213878,2,-0.001195,-0.724048,4.158989,2,-0.193731,0.188200,4.413036,2,-0.362354,-0.185676,4.204026,2,-0.356566,-0.197117,4.205600,2,-0.155300,0.053176,4.132829,2,-0.188859,0.031067,4.179600,2,
00_00_00_0281,-0.208429,-0.299149,4.522915,2,-0.203413,-0.018414,4.467164,2,-0.201767,0.263286,4.420538,2,-0.206099,0.372384,4.356374,2,-0.364466,0.210951,4.442901,2,-0.438789,0.004915,4.451240,2,-0.377305,-0.108748,4.236983,2,-0.343121,-0.113069,4.220505,2,-0.032744,0.226917,4.435242,2,0.072055,-0.019326,4.443402,2,-0.100923,0.044936,4.247099,2,-0.144671,0.033465,4.231103,2,-0.291250,-0.302725,4.491825,2,-0.372039,-0.124529,4.209061,2,-0.323937,-0.521753,4.190108,1,-0.321369,-0.571727,4.056672,2,-0.122059,-0.290357,4.478030,2,0.010107,-0.270730,4.157069,2,-0.018705,-0.632512,4.213334,2,0.001256,-0.717787,4.159341,2,-0.201265,0.193072,4.432687,2,-0.322421,-0.150992,4.191290,2,-0.310819,-0.151402,4.203000,2,-0.160863,0.053768,4.178829,2,-0.161737,0.023925,4.218857,2,
00_00_00_0282,-0.204612,-0.296790,4.520758,2,-0.198642,-0.012139,4.481476,2,-0.195474,0.270188,4.446773,2,-0.204114,0.380334,4.372711,2,-0.365217,0.221178,4.479347,2,-0.430017,0.010856,4.443320,2,-0.362118,-0.065268,4.236954,2,-0.323783,-0.092507,4.217811,2,-0.035884,0.231332,4.459087,2,0.067452,-0.007634,4.445900,2,-0.096466,0.036920,4.258660,2,-0.142767,0.045605,4.237358,2,-0.288975,-0.301220,4.490429,2,-0.369800,-0.123281,4.207494,2,-0.324358,-0.520795,4.187333,1,-0.325842,-0.568845,4.052931,2,-0.116511,-0.287147,4.475195,2,0.011848,-0.271802,4.152308,2,-0.018925,-0.634039,4.211347,2,0.002101,-0.719195,4.158066,2,-0.195829,0.200465,4.458095,2,-0.305522,-0.116878,4.192798,2,-0.304908,-0.080865,4.215600,2,-0.173920,0.065065,4.175326,2,-0.166915,0.034648,4.225143,2,
00_00_00_0283,-0.207798,-0.286650,4.513743,2,-0.198586,-0.005521,4.487304,2,-0.189963,0.275525,4.460547,2,-0.203231,0.387870,4.408726,2,-0.364674,0.221175,4.480548,2,-0.429158,0.010555,4.447015,2,-0.339719,-0.075207,4.245072,1,-0.315257,-0.054853,4.244935,2,-0.032130,0.233288,4.473074,2,0.075336,-0.004464,4.474166,2,-0.085562,0.049479,4.289542,2,-0.143668,0.053974,4.250876,2,-0.298572,-0.278271,4.474079,2,-0.385156,-0.170112,4.156032,2,-0.330894,-0.565233,4.205154,1,-0.328451,-0.611537,4.070005,2,-0.116610,-0.284799,4.473720,2,0.011545,-0.273101,4.150599,2,-0.019386,-0.633340,4.208889,2,0.002377,-0.718077,4.154425,2,-0.192371,0.205903,4.468992,2,-0.283945,-0.077362,4.210307,2,-0.317107,-0.087434,4.260286,2,-0.168120,0.065618,4.211827,2,-0.160153,0.041916,4.236546,2,
00_00_00_0284,-0.206584,-0.280959,4.512739,2,-0.200376,0.002641,4.498980,2,-0.196679,0.282568,4.485640,2,-0.201655,0.393951,4.424854,2,-0.363633,0.215959,4.501154,2,-0.425150,0.007911,4.442148,2,-0.339915,-0.013375,4.320513,1,-0.304364,-0.026078,4.269722,2,-0.031604,0.228782,4.493309,2,0.072165,-0.002159,4.475679,2,-0.099161,0.053773,4.291917,2,-0.141238,0.058769,4.260553,2,-0.296246,-0.271445,4.472281,2,-0.395170,-0.247294,4.139750,2,-0.329740,-0.640947,4.152704,1,-0.327478,-0.685186,4.016973,2,-0.115715,-0.282605,4.474376,2,0.010541,-0.275643,4.150309,2,-0.019763,-0.632403,4.203584,2,-0.020217,-0.676764,4.067719,2,-0.197575,0.213455,4.490888,2,-0.279851,-0.028232,4.217209,2,-0.272055,-0.052622,4.268546,2,-0.172539,0.072844,4.187826,2,-0.160561,0.048663,4.237000,2,
00_00_00_0285,-0.203560,-0.270045,4.504050,2,-0.201323,0.007494,4.502755,2,-0.200964,0.286054,4.498893,2,-0.201063,0.397951,4.444284,2,-0.362757,0.215326,4.501050,2,-0.412042,0.005435,4.435094,2,-0.327042,-0.072230,4.236063,1,-0.299900,-0.018342,4.296921,2,-0.032550,0.232748,4.508214,2,0.063572,-0.007644,4.485264,2,-0.094234,0.058483,4.315800,2,-0.142296,0.062652,4.274068,2,-0.288337,-0.256420,4.459720,2,-0.398232,-0.284971,4.131887,2,-0.328045,-0.676914,4.154717,1,-0.321339,-0.719792,4.018571,2,-0.115251,-0.277582,4.470889,2,0.012631,-0.276634,4.147495,2,-0.021408,-0.633572,4.196363,2,0.004270,-0.717057,4.140862,2,-0.200866,0.217345,4.501396,2,-0.262487,-0.003045,4.232814,2,-0.275663,-0.047786,4.307455,2,-0.163988,0.077071,4.211827,2,-0.164485,0.050460,4.264875,2,
00_00_00_0286,-0.201835,-0.269764,4.504604,2,-0.196775,0.011613,4.512331,2,-0.193170,0.292623,4.515970,2,-0.198850,0.404708,4.464535,2,-0.361013,0.214687,4.501308,2,-0.412533,0.003660,4.443354,2,-0.316640,-0.057397,4.243392,1,-0.285049,-0.077754,4.180870,1,-0.025623,0.206085,4.523857,2,0.060010,0.002207,4.500919,2,-0.100679,0.059412,4.321293,2,-0.146170,0.065260,4.284286,1,-0.278117,-0.261049,4.464573,2,-0.400735,-0.274341,4.140690,2,-0.340526,-0.669568,4.123660,2,-0.272949,-0.715773,4.132615,1,-0.115891,-0.275165,4.470438,2,0.013783,-0.278560,4.147887,2,-0.021917,-0.631669,4.185471,2,0.003430,-0.716007,4.133849,2,-0.194007,0.223159,4.517208,2,-0.247650,-0.062307,4.116763,1,-0.260851,-0.106848,4.191404,1,-0.174734,0.088171,4.195325,2,-0.177145,0.062531,4.232858,2,
00_00_00_0287,-0.201714,-0.270058,4.504041,2,-0.196352,0.012046,4.515638,2,-0.191349,0.293456,4.525641,2,-0.198817,0.410994,4.479502,2,-0.329763,0.216830,4.524629,2,-0.352314,-0.010156,4.396164,2,-0.281160,-0.065326,4.184070,1,-0.257767,-0.083733,4.117509,1,-0.032174,0.156824,4.527951,2,0.059072,-0.042432,4.481290,2,-0.103428,0.062874,4.333046,1,-0.163010,0.066505,4.308105,1,-0.277727,-0.260969,4.464329,2,-0.400876,-0.274366,4.140679,2,-0.341544,-0.669706,4.122281,1,-0.331690,-0.711783,3.985893,2,-0.117977,-0.276373,4.468236,2,0.014940,-0.278082,4.147126,2,-0.012054,-0.641528,4.176122,2,-0.005103,-0.683900,4.039563,2,-0.192669,0.223816,4.525175,2,-0.220424,-0.068268,4.053399,1,-0.233705,-0.112786,4.128036,1,-0.158526,0.100128,4.218826,2,-0.208168,0.055358,4.296572,2,
00_00_00_0288,-0.199485,-0.275115,4.500934,2,-0.193568,0.009828,4.520028,2,-0.185522,0.292045,4.538185,2,-0.199983,0.414287,4.506701,2,-0.337864,0.159293,4.520016,2,-0.362802,-0.036422,4.403330,2,-0.249314,-0.003093,4.206149,1,-0.211813,0.007987,4.144557,1,-0.044588,0.160107,4.534197,2,-0.017531,-0.043206,4.434187,2,-0.178771,0.056044,4.310658,1,-0.232707,0.063998,4.313442,1,-0.276057,-0.272782,4.461714,2,-0.401049,-0.272266,4.138462,2,-0.329640,-0.633531,4.162206,2,-0.319329,-0.675706,4.025664,2,-0.116691,-0.277065,4.464959,2,0.017385,-0.276656,4.144369,2,-0.011252,-0.639398,4.171374,2,0.015066,-0.720752,4.108691,2,-0.187670,0.221995,4.535561,2,-0.174590,0.023220,4.080436,1,-0.188030,-0.021609,4.155063,1,-0.270640,0.074794,4.300478,2,-0.266866,0.023699,4.317286,2,
00_00_00_0289,-0.196856,-0.278152,4.499752,2,-0.194056,0.009610,4.521267,2,-0.191859,0.294387,4.540983,2,-0.200559,0.417861,4.516319,2,-0.335221,0.158233,4.517954,2,-0.331771,-0.058937,4.372736,1,-0.244701,-0.104216,4.164425,1,-0.215982,-0.119371,4.099126,1,-0.050121,0.161539,4.534733,2,-0.019586,-0.044842,4.443981,2,-0.180402,0.053771,4.319296,1,-0.235173,0.065633,4.326254,1,-0.274605,-0.276354,4.460686,2,-0.397467,-0.273089,4.136495,2,-0.330356,-0.633281,4.162103,2,-0.319104,-0.675388,4.025600,2,-0.114279,-0.278033,4.463803,2,0.019118,-0.276419,4.142901,2,-0.005974,-0.629546,4.164307,2,0.002443,-0.671671,4.027687,2,-0.191858,0.223387,4.538069,2,-0.178742,-0.103814,4.035011,1,-0.192161,-0.148209,4.109643,1,-0.270613,0.090696,4.316227,2,-0.264581,0.021709,4.330444,2,
00_00_00_0290,-0.328599,-0.392364,4.476231,2,-0.227231,-0.206944,4.474421,2,-0.126743,-0.023733,4.459770,2,-0.155998,0.153859,4.521166,2,-0.313948,-0.012584,4.457567,2,-0.361584,-0.139028,4.266764,1,-0.174061,-0.026832,4.222275,1,-0.111898,0.010435,4.211566,1,0.014369,-0.157197,4.449857,1,0.052725,-0.365234,4.372127,1,-0.108309,-0.268694,4.245063,1,-0.105177,-0.224073,4.282410,1,-0.396575,-0.371023,4.446842,2,-0.365522,-0.242026,4.124591,2,-0.330677,-0.632203,4.161995,2,-0.322345,-0.675242,4.025740,2,-0.255095,-0.407116,4.430426,2,0.004084,-0.277101,4.171998,2,-0.006645,-0.634063,4.162176,2,-0.001145,-0.677070,4.025811,2,-0.151779,-0.069264,4.465882,2,-0.074931,0.025662,4.147432,1,-0.088713,-0.019174,4.222048,1,-0.078395,-0.232565,4.224817,2,-0.120123,-0.219597,4.279625,2,
00_00_00_0291,-0.327751,-0.391053,4.475780,2,-0.226954,-0.206168,4.474383,2,-0.126781,-0.023230,4.459972,2,-0.155609,0.154336,4.523531,2,-0.320019,0.021249,4.467416,2,-0.348464,-0.142407,4.305433,1,-0.197519,-0.014224,4.196184,1,-0.147529,0.028375,4.163894,1,0.014360,-0.157072,4.449907,1,0.052715,-0.365109,4.372177,1,-0.108318,-0.268569,4.245114,1,-0.107213,-0.230254,4.275017,1,-0.395140,-0.369839,4.447377,2,-0.379466,-0.290162,4.107212,2,-0.329954,-0.633399,4.161891,2,-0.322904,-0.676311,4.025517,2,-0.254610,-0.405128,4.428603,2,0.003543,-0.277073,4.168286,2,-0.005776,-0.632691,4.158770,2,-0.001560,-0.675589,4.022284,2,-0.151751,-0.068719,4.466029,2,-0.110469,0.043557,4.099763,1,-0.124128,-0.001340,4.174383,1,-0.089871,-0.232563,4.224816,2,-0.129395,-0.227542,4.284714,2,
00_00_00_0292,-0.291167,-0.435771,4.480042,2,-0.239022,-0.215811,4.471108,2,-0.206089,-0.013817,4.444104,2,-0.204247,0.164930,4.519104,2,-0.400035,0.032710,4.451621,1,-0.276281,-0.139669,4.370648,1,-0.283904,-0.030181,4.168674,1,-0.286709,0.006195,4.105488,1,-0.064680,-0.149724,4.433253,1,-0.026002,-0.357796,4.355531,1,-0.189178,-0.175306,4.325189,2,-0.233104,-0.167907,4.331141,1,-0.358818,-0.421307,4.471619,2,-0.379938,-0.301072,4.145182,2,-0.330005,-0.633589,4.161859,2,-0.326320,-0.677754,4.026019,2,-0.218611,-0.442927,4.413299,2,0.003912,-0.279520,4.166874,2,-0.004870,-0.632392,4.158606,2,-0.004027,-0.676547,4.022653,2,-0.216784,-0.065926,4.452647,2,-0.249291,0.021434,4.041380,1,-0.262471,-0.023390,4.116021,1,-0.285713,-0.172478,4.306698,2,-0.202816,-0.119006,4.331600,2,
00_00_00_0293,-0.116523,-0.440212,4.566942,2,-0.163128,-0.224243,4.512888,2,-0.206305,-0.013549,4.444274,2,-0.204223,0.165043,4.520503,2,-0.400089,0.032777,4.451663,1,-0.276311,-0.139526,4.370528,1,-0.284126,-0.029817,4.168689,1,-0.286996,0.006632,4.105547,1,-0.064734,-0.149657,4.433295,1,-0.026056,-0.357730,4.355574,1,-0.189231,-0.175239,4.325231,1,-0.234117,-0.166717,4.324681,1,-0.180179,-0.436352,4.568588,2,-0.366638,-0.309888,4.173873,2,-0.327592,-0.636595,4.162818,2,-0.336982,-0.690202,4.033095,2,-0.050923,-0.436815,4.489993,2,0.002500,-0.281042,4.161255,2,-0.003741,-0.634097,4.156456,2,-0.015961,-0.687700,4.026622,2,-0.207897,-0.064953,4.458402,2,-0.249576,0.021870,4.041440,1,-0.262486,-0.023367,4.116024,1,-0.286114,-0.171837,4.286048,2,-0.214688,-0.120211,4.327036,2,
00_00_00_0294,-0.207121,-0.483723,4.512236,2,-0.200695,-0.247602,4.486564,2,-0.203064,-0.013732,4.445242,2,-0.202632,0.164737,4.522669,2,-0.399139,0.032630,4.451862,1,-0.278083,-0.143656,4.376729,1,-0.279726,-0.037961,4.172480,1,-0.280538,-0.002854,4.108535,1,-0.063784,-0.149804,4.433493,1,-0.025110,-0.357876,4.355772,1,-0.188288,-0.175385,4.325430,1,-0.233988,-0.168024,4.328593,1,-0.276218,-0.476153,4.468018,2,-0.377913,-0.301241,4.152302,2,-0.324654,-0.637798,4.163442,2,-0.325465,-0.684411,4.028941,2,-0.134575,-0.483235,4.481282,2,0.002197,-0.281279,4.160285,2,-0.004364,-0.631836,4.156702,2,-0.007973,-0.678475,4.022087,2,-0.204415,-0.067018,4.458884,2,-0.243135,0.012408,4.044426,1,-0.256337,-0.032385,4.119066,1,-0.288779,-0.179439,4.302242,2,-0.209091,-0.109185,4.338636,2,
00_00_00_0295,-0.205803,-0.483759,4.512374,2,-0.200751,-0.247599,4.486578,2,-0.203209,-0.013741,4.445434,2,-0.201774,0.164404,4.525038,2,-0.399344,0.032616,4.451894,1,-0.278027,-0.143787,4.377663,1,-0.280112,-0.038078,4.173428,1,-0.281071,-0.002965,4.109488,1,-0.063989,-0.149818,4.433525,1,-0.025314,-0.357889,4.355803,1,-0.188491,-0.175399,4.325461,1,-0.233697,-0.166596,4.326520,1,-0.274632,-0.476388,4.468465,2,-0.377784,-0.301468,4.152459,2,-0.310984,-0.662087,4.173841,2,-0.311927,-0.708510,4.039358,2,-0.133458,-0.483106,4.481170,2,0.002000,-0.281217,4.158410,2,-0.005515,-0.630759,4.155277,2,-0.009117,-0.677410,4.020658,2,-0.204431,-0.067508,4.459016,2,-0.243668,0.012297,4.045379,1,-0.257342,-0.031699,4.119645,1,-0.293569,-0.156640,4.284199,2,-0.200117,-0.108243,4.337154,2,
00_00_00_0296,-0.232729,-0.481993,4.506866,2,-0.204386,-0.247234,4.486110,2,-0.196810,-0.013803,4.447819,2,-0.186519,0.161742,4.539380,2,-0.398091,0.032603,4.452223,1,-0.278938,-0.145233,4.377951,1,-0.280031,-0.037139,4.175016,1,-0.280660,-0.001233,4.111509,1,-0.062736,-0.149830,4.433852,1,-0.024066,-0.357902,4.356131,1,-0.187247,-0.175411,4.325789,1,-0.234584,-0.166537,4.327739,1,-0.302437,-0.472253,4.476913,2,-0.377265,-0.300167,4.153541,2,-0.311692,-0.662522,4.173741,2,-0.311482,-0.708225,4.038840,2,-0.165697,-0.483651,4.457970,2,0.002222,-0.281737,4.158412,2,-0.004002,-0.627072,4.155934,2,-0.006472,-0.673038,4.020891,2,-0.201567,-0.068542,4.459914,2,-0.243258,0.014024,4.047400,1,-0.257395,-0.029763,4.120911,1,-0.281888,-0.158611,4.295135,2,-0.205382,-0.117080,4.333449,2,
00_00_00_0297,-0.190650,-0.482266,4.512377,2,-0.203000,-0.245864,4.486267,2,-0.200295,-0.009626,4.447882,2,-0.205198,0.126518,4.547919,2,-0.399897,0.033972,4.451924,1,-0.274223,-0.138901,4.376203,1,-0.275291,-0.041782,4.167538,1,-0.275909,-0.009530,4.102122,1,-0.064542,-0.148462,4.433557,1,-0.025865,-0.356539,4.355835,1,-0.189040,-0.174052,4.325493,1,-0.235522,-0.167700,4.329484,1,-0.258781,-0.476863,4.473772,2,-0.377316,-0.300036,4.153583,2,-0.311724,-0.662567,4.173318,2,-0.312439,-0.708846,4.038745,2,-0.114253,-0.479334,4.477145,2,0.002266,-0.281586,4.158080,2,-0.001441,-0.637067,4.153083,2,-0.004858,-0.683521,4.018381,2,-0.202167,-0.067149,4.459960,2,-0.238517,0.005749,4.038013,1,-0.251732,-0.039021,4.112651,1,-0.289560,-0.182226,4.294671,2,-0.250369,-0.122028,4.344615,2,
00_00_00_0298,-0.191269,-0.483965,4.512458,2,-0.202753,-0.245922,4.486308,2,-0.200803,-0.009046,4.447897,2,-0.205076,0.126293,4.545995,2,-0.399973,0.033970,4.451896,1,-0.274141,-0.140026,4.379972,1,-0.275888,-0.042700,4.171415,1,-0.276732,-0.010379,4.106035,1,-0.064618,-0.148463,4.433528,1,-0.025941,-0.356540,4.355807,1,-0.189116,-0.174054,4.325465,1,-0.235543,-0.166303,4.331016,1,-0.259631,-0.478198,4.474010,2,-0.377095,-0.298858,4.154366,2,-0.309875,-0.664723,4.172300,2,-0.310614,-0.710991,4.037728,2,-0.115972,-0.482037,4.476690,2,0.002337,-0.281499,4.157809,2,-0.003110,-0.635311,4.153214,2,-0.006522,-0.681789,4.018509,2,-0.202222,-0.067045,4.459970,2,-0.239338,0.004902,4.041925,1,-0.252552,-0.039865,4.116564,1,-0.288867,-0.173056,4.306075,2,-0.209541,-0.115869,4.336905,2,
00_00_00_0299,-0.200368,-0.494903,4.512878,2,-0.201570,-0.248623,4.486735,2,-0.196739,-0.010007,4.448497,2,-0.207028,0.121309,4.544706,2,-0.398564,0.033191,4.451988,1,-0.273875,-0.141425,4.379478,1,-0.275858,-0.041822,4.172050,1,-0.276780,-0.008742,4.107047,1,-0.063209,-0.149242,4.433618,1,-0.024538,-0.357316,4.355896,1,-0.121828,-0.098727,4.231921,1,-0.186015,-0.060273,4.163486,1,-0.270434,-0.490306,4.484440,2,-0.377062,-0.304185,4.153060,2,-0.309908,-0.665002,4.172358,2,-0.310554,-0.711211,4.037744,2,-0.129593,-0.496132,4.465943,2,0.003281,-0.284283,4.155916,2,-0.002366,-0.636904,4.153297,2,-0.005691,-0.683312,4.018552,2,-0.198696,-0.068761,4.460523,2,-0.239387,0.006534,4.042938,1,-0.253757,-0.036541,4.117155,1,-0.238712,-0.069294,4.137258,1,-0.160248,-0.010421,4.169347,1,
00_00_00_0300,-0.187061,-0.491051,4.515571,2,-0.199452,-0.247942,4.487311,2,-0.199120,-0.009142,4.448389,2,-0.212927,0.119485,4.544120,2,-0.399791,0.033361,4.451837,1,-0.275546,-0.142177,4.381282,1,-0.276337,-0.043629,4.173315,1,-0.276863,-0.010903,4.108132,1,-0.064436,-0.149073,4.433468,1,-0.025759,-0.357147,4.355747,1,-0.125105,-0.099133,4.232258,1,-0.190253,-0.058889,4.163077,1,-0.253391,-0.487028,4.488683,2,-0.371885,-0.292992,4.168581,2,-0.337667,-0.615239,4.165300,2,-0.338494,-0.662145,4.030806,2,-0.116237,-0.488461,4.467762,2,0.002769,-0.284137,4.155217,2,-0.003431,-0.629788,4.151959,2,-0.007178,-0.676535,4.017369,2,-0.199255,-0.068398,4.460557,2,-0.239470,0.004379,4.044023,1,-0.253189,-0.039319,4.118316,1,-0.242939,-0.067914,4.136849,1,-0.162124,-0.009809,4.169166,1,
00_00_00_0301,-0.183379,-0.489331,4.516431,2,-0.198080,-0.247649,4.487722,2,-0.200605,-0.009329,4.448324,2,-0.214717,0.121101,4.544305,2,-0.400083,0.033206,4.451795,1,-0.274513,-0.141481,4.381513,1,-0.275733,-0.044598,4.172733,1,-0.276400,-0.012426,4.107278,1,-0.064728,-0.149228,4.433427,1,-0.026050,-0.357302,4.355705,1,-0.125878,-0.099430,4.232316,1,-0.191234,-0.058826,4.162983,1,-0.248999,-0.485430,4.491492,2,-0.370302,-0.287515,4.173693,2,-0.299976,-0.670882,4.173067,2,-0.301287,-0.717421,4.038669,2,-0.113179,-0.486028,4.466917,2,0.002261,-0.282661,4.155803,2,-0.003265,-0.631870,4.151506,2,-0.007161,-0.678698,4.016969,2,-0.199664,-0.068441,4.460587,2,-0.239008,0.002859,4.043169,1,-0.252631,-0.040976,4.117664,1,-0.243918,-0.067851,4.136756,1,-0.163048,-0.009644,4.169077,1,
00_00_00_0302,-0.182751,-0.487710,4.516350,2,-0.197156,-0.246595,4.487840,2,-0.201024,-0.008826,4.448288,2,-0.212436,0.120633,4.544662,2,-0.400080,0.033253,4.451785,1,-0.275840,-0.143795,4.386487,1,-0.280359,-0.041124,4.180682,1,-0.282128,-0.007025,4.116219,1,-0.064725,-0.149181,4.433417,1,-0.026047,-0.357255,4.355695,1,-0.125988,-0.099390,4.232392,1,-0.191471,-0.058498,4.162945,1,-0.248591,-0.482913,4.488722,2,-0.373599,-0.292207,4.164803,2,-0.314580,-0.645548,4.163951,2,-0.315758,-0.692296,4.029524,2,-0.112208,-0.483649,4.469113,2,0.002723,-0.282063,4.156141,2,-0.004492,-0.632657,4.152677,2,-0.008378,-0.679485,4.018134,2,-0.199847,-0.067956,4.460585,2,-0.243534,0.008680,4.054264,1,-0.257921,-0.036531,4.126750,1,-0.244154,-0.067523,4.136718,1,-0.163329,-0.009423,4.169042,1,
00_00_00_0303,-0.182757,-0.487751,4.516315,2,-0.197043,-0.246578,4.487903,2,-0.201621,-0.008548,4.448483,2,-0.211544,0.118833,4.540145,2,-0.400100,0.033246,4.451802,1,-0.277907,-0.145141,4.386272,1,-0.281066,-0.040828,4.181303,1,-0.282383,-0.006182,4.117118,1,-0.064745,-0.149188,4.433434,1,-0.026067,-0.357261,4.355712,1,-0.126160,-0.099419,4.232494,1,-0.191720,-0.058382,4.162995,1,-0.248704,-0.483078,4.488918,2,-0.372790,-0.289013,4.166177,2,-0.322561,-0.630505,4.164736,2,-0.323644,-0.677369,4.030282,2,-0.112259,-0.483756,4.468593,2,0.002671,-0.281552,4.156386,2,-0.004206,-0.632826,4.152409,2,-0.008070,-0.679637,4.017854,2,-0.200162,-0.067790,4.460724,2,-0.244234,0.009051,4.055191,1,-0.257970,-0.035661,4.126883,1,-0.244402,-0.067408,4.136767,1,-0.163587,-0.009319,4.169057,1,
00_00_00_0304,-0.188197,-0.492934,4.513018,2,-0.197097,-0.246720,4.487818,2,-0.201132,-0.007030,4.449117,2,-0.212388,0.120614,4.539673,2,-0.399825,0.033474,4.451910,1,-0.277363,-0.144849,4.386819,1,-0.278983,-0.043080,4.180490,1,-0.279787,-0.009282,4.115852,1,-0.064471,-0.148960,4.433541,1,-0.025794,-0.357035,4.355820,1,-0.125991,-0.099203,4.232669,1,-0.191636,-0.057983,4.163099,1,-0.256034,-0.488572,4.486023,2,-0.371467,-0.288840,4.169124,2,-0.313572,-0.661187,4.168266,2,-0.314227,-0.707462,4.033646,2,-0.116906,-0.489204,4.464643,2,0.002449,-0.281509,4.156253,2,-0.003732,-0.629853,4.152722,2,-0.007089,-0.676359,4.017964,2,-0.199998,-0.067085,4.461006,2,-0.242401,0.006036,4.051869,1,-0.255764,-0.037790,4.124583,1,-0.244319,-0.067010,4.136872,1,-0.163552,-0.009100,4.169113,1,
00_00_00_0305,-0.189121,-0.493285,4.511014,2,-0.197216,-0.245715,4.487576,2,-0.201729,0.000680,4.451816,2,-0.212655,0.127635,4.544991,2,-0.400048,0.038084,4.453475,1,-0.279596,-0.141501,4.387996,1,-0.276115,-0.043275,4.179887,1,-0.275220,-0.010655,4.114656,1,-0.064695,-0.144349,4.435110,1,-0.026017,-0.352443,4.357390,1,-0.126541,-0.094548,4.234707,1,-0.192594,-0.052384,4.164796,1,-0.259472,-0.488518,4.477400,2,-0.373716,-0.292535,4.163592,2,-0.316522,-0.657082,4.168554,2,-0.316597,-0.703046,4.033725,2,-0.116980,-0.489442,4.464731,2,0.002105,-0.281724,4.155529,2,-0.003753,-0.629472,4.153291,2,-0.006555,-0.675636,4.018326,2,-0.200536,-0.061367,4.462668,2,-0.237832,0.004626,4.050546,1,-0.251972,-0.039324,4.124360,1,-0.245275,-0.061425,4.138569,1,-0.166587,-0.002844,4.170611,1,
00_00_00_0306,-0.269326,-0.479627,4.477941,2,-0.207066,-0.238975,4.483423,2,-0.171340,0.010187,4.464798,2,-0.201691,0.135918,4.552754,2,-0.369501,0.046549,4.465984,1,-0.300041,-0.150466,4.375991,1,-0.252919,-0.031987,4.185095,1,-0.237491,0.007376,4.125599,1,-0.034154,-0.135877,4.447594,1,0.004399,-0.344001,4.369873,1,-0.097583,-0.086738,4.247051,1,-0.164163,-0.043778,4.176747,1,-0.341484,-0.465523,4.459435,2,-0.371256,-0.281876,4.168436,2,-0.320870,-0.646474,4.166987,2,-0.315310,-0.689748,4.030732,2,-0.192635,-0.485688,4.421328,2,0.002040,-0.281864,4.155739,2,0.000150,-0.628214,4.152274,2,0.002909,-0.671609,4.015892,2,-0.188058,-0.054269,4.468331,2,-0.200200,0.022612,4.061482,1,-0.213551,-0.022216,4.136114,1,-0.216916,-0.052841,4.150517,1,-0.138528,0.005976,4.182602,1,
00_00_00_0307,-0.233512,-0.483671,4.500763,2,-0.207127,-0.239103,4.483579,2,-0.177005,0.005830,4.461236,2,-0.200909,0.132145,4.551504,2,-0.381890,0.039612,4.459489,1,-0.318098,-0.156469,4.362290,1,-0.262580,-0.042250,4.170992,1,-0.244371,-0.004313,4.111361,1,-0.046539,-0.142818,4.441107,1,-0.007936,-0.350916,4.363386,1,-0.109339,-0.093292,4.240849,1,-0.175838,-0.050307,4.170591,1,-0.301252,-0.474366,4.480696,2,-0.370866,-0.281843,4.171072,2,-0.329670,-0.631850,4.158755,2,-0.327038,-0.676566,4.023106,2,-0.161009,-0.485292,4.445912,2,0.002164,-0.281600,4.156655,2,-0.002190,-0.633814,4.152754,2,-0.002422,-0.678488,4.016998,2,-0.188527,-0.055173,4.467959,2,-0.207060,0.010952,4.047245,1,-0.220385,-0.033836,4.121877,1,-0.228561,-0.059353,4.144363,1,-0.148330,0.000043,4.177237,1,
00_00_00_0308,-0.227574,-0.494541,4.501262,2,-0.207679,-0.243499,4.484078,2,-0.185595,0.000893,4.458811,2,-0.201008,0.130890,4.550588,2,-0.390293,0.035945,4.456643,1,-0.309352,-0.156495,4.366075,1,-0.270048,-0.042809,4.170322,1,-0.257237,-0.005050,4.109207,1,-0.054941,-0.146487,4.438266,1,-0.016304,-0.354570,4.360545,1,-0.117729,-0.096960,4.237991,1,-0.184237,-0.053972,4.167728,1,-0.296487,-0.487971,4.476359,2,-0.374132,-0.286710,4.166045,2,-0.329574,-0.632478,4.159760,2,-0.327357,-0.677406,4.024217,2,-0.153834,-0.494531,4.450813,2,0.001752,-0.280813,4.156896,2,-0.001566,-0.634554,4.152320,2,-0.002217,-0.679438,4.016669,2,-0.192022,-0.058956,4.467218,2,-0.219893,0.010218,4.045094,1,-0.233174,-0.034568,4.119728,1,-0.236939,-0.063009,4.141500,1,-0.158483,-0.004158,4.173589,1,
00_00_00_0309,-0.226494,-0.491184,4.502176,2,-0.208054,-0.242928,4.484398,2,-0.188515,0.001013,4.458084,2,-0.202346,0.130921,4.549778,2,-0.392883,0.035776,4.455620,1,-0.306396,-0.155543,4.368402,1,-0.272204,-0.043458,4.170700,1,-0.261094,-0.006230,4.108935,1,-0.057530,-0.146656,4.437246,1,-0.018882,-0.354739,4.359525,1,-0.120303,-0.097130,4.236969,1,-0.186813,-0.054140,4.166704,1,-0.294569,-0.483853,4.478210,2,-0.362037,-0.273151,4.179080,2,-0.329254,-0.632351,4.159900,2,-0.327221,-0.677381,4.024398,2,-0.153610,-0.490986,4.451103,2,0.001791,-0.280570,4.157010,2,-0.004899,-0.635313,4.151647,2,-0.005701,-0.680289,4.016039,2,-0.193613,-0.058838,4.467001,2,-0.223741,0.009040,4.044822,1,-0.237008,-0.035742,4.119458,1,-0.239508,-0.063177,4.140477,1,-0.161042,-0.004325,4.172566,1,
 
